[{"model": "admin.logentry", "pk": 1, "fields": {"action_time": "2026-05-12T14:51:17.871Z", "user": 17, "content_type": 7, "object_id": "18", "object_repr": "admin12 (Administrateur)", "action_flag": 2, "change_message": "[{\"changed\": {\"fields\": [\"R\\u00f4le\"]}}]"}}, {"model": "admin.logentry", "pk": 2, "fields": {"action_time": "2026-05-13T00:50:36.345Z", "user": 17, "content_type": 7, "object_id": "17", "object_repr": "admin1 (Client)", "action_flag": 2, "change_message": "[{\"changed\": {\"fields\": [\"First name\", \"Last name\", \"T\\u00e9l\\u00e9phone\"]}}]"}}, {"model": "sessions.session", "pk": "05b85c8u3g1sru058x5pgfo7tftgsdk4", "fields": {"session_data": ".eJxVjLsOwjAMAP_FM4pa182jIzvfUNmJQwsokfqYEP-OKnWA9e50bxh536ZxX3UZ5wQDdHD5ZcLxqeUQ6cHlXk2sZVtmMUdiTruaW036up7t32DidYIBPCJGzeIp2sYTZSQb-uDaJlrv2KpIh6TJtwEThdSjdWzJc1ZR6QN8vsmiN5A:1wFALZ:z7iXWiZQthtNRr6hY1baJLkReIgqjHmn-uiha4PDO2c", "expire_date": "2026-05-05T12:36:57.366Z"}}, {"model": "sessions.session", "pk": "23f4xbhc4yaf68x3pveshnvhf2e7ivsw", "fields": {"session_data": ".eJxVjEEOwiAQRe_C2hAGCqUu3XsGMtOZStVAUtqV8e7apAvd_vfef6mE25rT1mRJM6uzgl6dfkfC8SFlJ3zHcqt6rGVdZtK7og_a9LWyPC-H-3eQseVv7SI5azpBmbwLhGhEmJ1EsuQndoZ7SxEodOgxIjgrEK3hIcQBgIN6fwAnuThR:1wMZfF:3EcZHOW8lSbIQt-z27G2aIYbs6Y_XEX6jjIvtrB124w", "expire_date": "2026-05-25T23:03:53.157Z"}}, {"model": "sessions.session", "pk": "2y2a0787bdwkxq6lcssd32fbsrxnr988", "fields": {"session_data": ".eJxVjEsKwjAUAO_y1hLIP-3SvWcIeZ-YqrTQtCvx7lLoQrczw7whl31ree-y5olhhAiXX4aFnjIfgh9lvi-KlnlbJ1RHok7b1W1heV3P9m_QSm8wgmhO6E1i9CROG9K2UnQpMKKtkmpEshSH4NhZIjRh0CWgkeJ9qmLh8wUIwTjP:1wHOkN:lnAGO3UNpgtNSIiT-XmB72Dd_C-4V_q4nk6puBXJuT8", "expire_date": "2026-05-11T16:23:47.051Z"}}, {"model": "sessions.session", "pk": "61a9vpf7d5vcuebdh2duzhazu8h4xscc", "fields": {"session_data": ".eJxVjLsOwjAMAP_FM4pa182jIzvfUNmJQwsokfqYEP-OKnWA9e50bxh536ZxX3UZ5wQDdHD5ZcLxqeUQ6cHlXk2sZVtmMUdiTruaW036up7t32DidYIBPCJGzeIp2sYTZSQb-uDaJlrv2KpIh6TJtwEThdSjdWzJc1ZR6QN8vsmiN5A:1wFAax:i2TtvsAl8carE7yog6_uV3WHFdVVOHhXz-Ks24LCAUQ", "expire_date": "2026-05-05T12:52:51.665Z"}}, {"model": "sessions.session", "pk": "7ygqg9sby6hyqxklf4pssd8sz9au95zp", "fields": {"session_data": ".eJxVjLsOwjAMAP_FM4pa182jIzvfUNmJQwsokfqYEP-OKnWA9e50bxh536ZxX3UZ5wQDdHD5ZcLxqeUQ6cHlXk2sZVtmMUdiTruaW036up7t32DidYIBPCJGzeIp2sYTZSQb-uDaJlrv2KpIh6TJtwEThdSjdWzJc1ZR6QN8vsmiN5A:1wFAOl:Id-uXbXB4mha5ZioFcKbVexmKtCCQ24rkTsQd4vsmsc", "expire_date": "2026-05-05T12:40:15.666Z"}}, {"model": "sessions.session", "pk": "7znwt44o9g6mv8y3rdanx2bjrjchx9tr", "fields": {"session_data": ".eJxVjLsKwzAMAP9FczGKXzgZu_cbgiwpTdpiQ5xMpf9eAhna9e64N4y0b_O4N13HRWCAzsPlF2bip5bDyIPKvRquZVuXbI7EnLaZWxV9Xc_2bzBTm2EAjhg4icU0sXfWZY6IHCxhSjGJBiHFnnLoUb2i5b6zLFnZd47JT_D5AgaROHk:1wM5od:ly1rzjuj56ZRSxuYOAUraSmjPjiER8yrYRGEp7Wnkd8", "expire_date": "2026-05-24T15:11:35.470Z"}}, {"model": "sessions.session", "pk": "96bijaek7kzkwcio3e8ho8g3ur8s339n", "fields": {"session_data": ".eJxVjE0OwiAYBe_C2hDKPy7dewbyUR5SNTQp7cp4d23ShW7fzLwXi7StNW4dS5wyOzPNTr9bovGBtoN8p3ab-Ti3dZkS3xV-0M6vc8bzcrh_B5V6_dZk4K1RTsAph1zImuSoBKUItgjrPbx0RUgJylpCD0MIQgVrTEIJxN4f5Hs3wA:1wMuzx:iv_2eTG60rqinzmk8N9xAmJ8oZWu5OoJAprdkCBRD7s", "expire_date": "2026-05-26T21:50:41.831Z"}}, {"model": "sessions.session", "pk": "axg7jmznis9hpmjj18fdil13d6hkts2f", "fields": {"session_data": ".eJxVjLsOwjAMAP_FM4ocEtqkIzvfEDm2SwookfqYEP-OKnWA9e50b0i0rSVti85pEhjAwumXZeKn1l3Ig-q9GW51nads9sQcdjG3Jvq6Hu3foNBSYACHil0Xrccx9y70kRm7gBzRZnE8XgIqMuUQSFDISvYjKp419BGdF_h8Ac8kN74:1wEbFz:Bt30ptFqIedbPZhWnNhqZlHB2O9C5KOr9LV9TILOQSk", "expire_date": "2026-05-03T23:08:51.622Z"}}, {"model": "sessions.session", "pk": "c2hu09reha3mekfgtwt9twbdrm16sen4", "fields": {"session_data": ".eJxVjLsOwjAMAP_FM4pa182jIzvfUNmJQwsokfqYEP-OKnWA9e50bxh536ZxX3UZ5wQDdHD5ZcLxqeUQ6cHlXk2sZVtmMUdiTruaW036up7t32DidYIBPCJGzeIp2sYTZSQb-uDaJlrv2KpIh6TJtwEThdSjdWzJc1ZR6QN8vsmiN5A:1wFAaV:cYD8iiW3sRiFo1-G6m_OsdrvlOR9hasIXf6Pa5dQwA4", "expire_date": "2026-05-05T12:52:23.634Z"}}, {"model": "sessions.session", "pk": "d6ypkfv6jlpq7y0m1gxchfel743c3xpn", "fields": {"session_data": ".eJxVjLsOwjAMAP_FM4rcOE7ajux8Q-XECS2gVOpjQvw7qtQB1rvTvWGQfRuHfc3LMCn0wHD5ZVHSM9dD6EPqfTZprtsyRXMk5rSruc2aX9ez_RuMso7QA1rrWnSaqIjzOTA1vkNuHGsk3zlCy9JaZSUp7KJwxpJ9CaFQaJHg8wWzwDbh:1wHNvR:na5tKSuBacVefz0zqjcR7ZtoEnOs77LhGa6CcEhKfVo", "expire_date": "2026-05-11T15:31:09.422Z"}}, {"model": "sessions.session", "pk": "eidtbt5bqr2cqz35aypdftcgdybni3er", "fields": {"session_data": ".eJxVjEEOwiAQRe_C2hAoxRlcuu8ZCAyMVA0kpV0Z765NutDtf-_9l_BhW4vfel78nMRFaBSn3zEGeuS6k3QP9dYktbouc5S7Ig_a5dRSfl4P9--ghF6-NUNQhqwxBgZwgFEhGwopg7MUB8OKM-PIBJFQaTdGgrN25NDyiJnE-wMLODhb:1wMunF:ovaClvdgvrD1ZZO8_4uJae5WZ_2gORwX_0miLe1jmVg", "expire_date": "2026-05-26T21:37:33.882Z"}}, {"model": "sessions.session", "pk": "ekfte2aln7r000wgvtyw2l10uzln7hbm", "fields": {"session_data": ".eJxVjLsOwjAMAP_FM4pa182jIzvfUNmJQwsokfqYEP-OKnWA9e50bxh536ZxX3UZ5wQDdHD5ZcLxqeUQ6cHlXk2sZVtmMUdiTruaW036up7t32DidYIBPCJGzeIp2sYTZSQb-uDaJlrv2KpIh6TJtwEThdSjdWzJc1ZR6QN8vsmiN5A:1wFAMk:pfl1GiXvcR_h_9NwBFqrbTt6r2F9SXMmZ1SWAIp2yxc", "expire_date": "2026-05-05T12:38:10.342Z"}}, {"model": "sessions.session", "pk": "g3nf0t0e8m3jj6738fg79lj8c1axljaq", "fields": {"session_data": ".eJxVjLsOwjAMAP_FM4pa182jIzvfUNmJQwsokfqYEP-OKnWA9e50bxh536ZxX3UZ5wQDdHD5ZcLxqeUQ6cHlXk2sZVtmMUdiTruaW036up7t32DidYIBPCJGzeIp2sYTZSQb-uDaJlrv2KpIh6TJtwEThdSjdWzJc1ZR6QN8vsmiN5A:1wFAOw:meGp791LEuvtwztQolTgH7_YFAWz9XTgra6F_bZNekA", "expire_date": "2026-05-05T12:40:26.388Z"}}, {"model": "sessions.session", "pk": "ger3ce46pysiiwbxe3j2p8a45mcc4y2n", "fields": {"session_data": ".eJxVjLsOwjAMAP_FM4pa182jIzvfUNmJQwsokfqYEP-OKnWA9e50bxh536ZxX3UZ5wQDdHD5ZcLxqeUQ6cHlXk2sZVtmMUdiTruaW036up7t32DidYIBPCJGzeIp2sYTZSQb-uDaJlrv2KpIh6TJtwEThdSjdWzJc1ZR6QN8vsmiN5A:1wF9ve:JNra79iYSz6UC2cJCFsiMvcwhk5HLf4F7hoZsIB742s", "expire_date": "2026-05-05T12:10:10.840Z"}}, {"model": "sessions.session", "pk": "j2fpyzn05aacdmzxo1q4ia8vyp7relyf", "fields": {"session_data": ".eJxVjLsOwjAMAP_FM4pa182jIzvfUNmJQwsokfqYEP-OKnWA9e50bxh536ZxX3UZ5wQDdHD5ZcLxqeUQ6cHlXk2sZVtmMUdiTruaW036up7t32DidYIBPCJGzeIp2sYTZSQb-uDaJlrv2KpIh6TJtwEThdSjdWzJc1ZR6QN8vsmiN5A:1wFAOB:eQ8npuFbOQ5qITl6iE5dNp0XO7a-bex10DbQFj8xgC4", "expire_date": "2026-05-05T12:39:39.597Z"}}, {"model": "sessions.session", "pk": "j3t2ukebhvqtmzh1zx966zkgmneax5bp", "fields": {"session_data": ".eJxVjLsOwjAMAP_FM4pa182jIzvfUNmJQwsokfqYEP-OKnWA9e50bxh536ZxX3UZ5wQDdHD5ZcLxqeUQ6cHlXk2sZVtmMUdiTruaW036up7t32DidYIBPCJGzeIp2sYTZSQb-uDaJlrv2KpIh6TJtwEThdSjdWzJc1ZR6QN8vsmiN5A:1wF9mL:YKrJr0P5kE5MNIftnzu921NnecM5wH5VhQ5fIMyJtgo", "expire_date": "2026-05-05T12:00:33.357Z"}}, {"model": "sessions.session", "pk": "jufvq39iii6tkvehhlw2w6xnb5v7wmzr", "fields": {"session_data": ".eJxVjLsOwjAMAP_FM4pa182jIzvfUNmJQwsokfqYEP-OKnWA9e50bxh536ZxX3UZ5wQDdHD5ZcLxqeUQ6cHlXk2sZVtmMUdiTruaW036up7t32DidYIBPCJGzeIp2sYTZSQb-uDaJlrv2KpIh6TJtwEThdSjdWzJc1ZR6QN8vsmiN5A:1wFAOV:FW3Daw_C5y9QV3G4o4dAWMooeZKEYBv9StF1ViSJvWY", "expire_date": "2026-05-05T12:39:59.029Z"}}, {"model": "sessions.session", "pk": "k0huxunsi81txz4ls666gsbnqycz3srh", "fields": {"session_data": ".eJxVjLsOwjAMAP_FM4ocEtqkIzvfEDm2SwookfqYEP-OKnWA9e50b0i0rSVti85pEhjAwumXZeKn1l3Ig-q9GW51nads9sQcdjG3Jvq6Hu3foNBSYACHil0Xrccx9y70kRm7gBzRZnE8XgIqMuUQSFDISvYjKp419BGdF_h8Ac8kN74:1wEbFa:4o4XocRGU4l6VrbHb508V3ajHVPTDp4Zre65cVO5u-o", "expire_date": "2026-05-03T23:08:26.660Z"}}, {"model": "sessions.session", "pk": "m4n16gt3wd0fryxnxbfe6gvu7ns829cm", "fields": {"session_data": ".eJxVjE0OwiAYBe_C2hDKPy7dewbyUR5SNTQp7cp4d23ShW7fzLwXi7StNW4dS5wyOzPNTr9bovGBtoN8p3ab-Ti3dZkS3xV-0M6vc8bzcrh_B5V6_dZk4K1RTsAph1zImuSoBKUItgjrPbx0RUgJylpCD0MIQgVrTEIJxN4f5Hs3wA:1wMuzy:AvxFJVJuhGx5DFYZPima1DgcS2zL5UvA4QPliReO4oI", "expire_date": "2026-05-26T21:50:42.000Z"}}, {"model": "sessions.session", "pk": "olwexw5gx25pa5qw71c93ufwxpk8jffq", "fields": {"session_data": ".eJxVjLsOwjAMAP_FM4pa182jIzvfUNmJQwsokfqYEP-OKnWA9e50bxh536ZxX3UZ5wQDdHD5ZcLxqeUQ6cHlXk2sZVtmMUdiTruaW036up7t32DidYIBPCJGzeIp2sYTZSQb-uDaJlrv2KpIh6TJtwEThdSjdWzJc1ZR6QN8vsmiN5A:1wFAVk:_GkcQkPEeDxeSFBg59uq9BJ0t1CtMijnhfhNR0CCGiI", "expire_date": "2026-05-05T12:47:28.726Z"}}, {"model": "sessions.session", "pk": "pn8oizlpv8qtcv84hncojjlz9av5hmo8", "fields": {"session_data": ".eJxVjMsKwjAQAP9lzxLybtOjd78hJLtbU5UEmvYk_rsUetDrzDBviGnfStw7r3EhmEDB5ZflhE-uh6BHqvcmsNVtXbI4EnHaLm6N-HU9279BSb3ABNKbUXunnRykUjIhG7ZWo3U5o9GaFck5Iw_SoPLMgTWN1sxsE5ELAT5fvfo3ug:1wM622:tDpXbSoKqlYk5pVsaTsg6HW_Nxh646867WbFjjMBczs", "expire_date": "2026-05-24T15:25:26.624Z"}}, {"model": "sessions.session", "pk": "unxygfhtm9ph5o05u765om7xctn2lozh", "fields": {"session_data": ".eJxVjDEOgzAMAP_iuYpikpKEsTtvQHbsFNoKJAJT1b9XSAztene6Nwy0b-OwV12HSaADhMsvY8pPnQ8hD5rvi8nLvK0TmyMxp62mX0Rft7P9G4xUR-ig2Kuz3DjPGkoOrSsxqlfHITP6thBnESGLKikJE8XkCiHFzNgwJvh8AQj2OUM:1wF9iy:h1Ro6WUH6XpdF9MyjuzpnkieLDa3ZZRD1zU5Ounxp-k", "expire_date": "2026-05-05T11:57:04.160Z"}}, {"model": "sessions.session", "pk": "vpwj5ilfe1kdn3somfsx44jveon8a9td", "fields": {"session_data": ".eJxVjLsOwjAMAP_FM4pa182jIzvfUNmJQwsokfqYEP-OKnWA9e50bxh536ZxX3UZ5wQDdHD5ZcLxqeUQ6cHlXk2sZVtmMUdiTruaW036up7t32DidYIBPCJGzeIp2sYTZSQb-uDaJlrv2KpIh6TJtwEThdSjdWzJc1ZR6QN8vsmiN5A:1wFAPP:iUM9yEUL1TUGw8NeaVjhnt1DREMD6V7W7BoPityWroc", "expire_date": "2026-05-05T12:40:55.290Z"}}, {"model": "sessions.session", "pk": "xh99tbvyqmyrsn8a4ct62x5vormh6uzk", "fields": {"session_data": ".eJxVjLsOwjAMAP_FM4pa182jIzvfUNmJQwsokfqYEP-OKnWA9e50bxh536ZxX3UZ5wQDdHD5ZcLxqeUQ6cHlXk2sZVtmMUdiTruaW036up7t32DidYIBPCJGzeIp2sYTZSQb-uDaJlrv2KpIh6TJtwEThdSjdWzJc1ZR6QN8vsmiN5A:1wFAP5:pCCV30tKWrHPuQNYqcTfGb_onusgO9bKiIMS6HbH164", "expire_date": "2026-05-05T12:40:35.186Z"}}, {"model": "sessions.session", "pk": "yzvseqr2g1q5unupd7b1gu02muq1ve08", "fields": {"session_data": ".eJxVjLsOwjAMAP_FM4pa182jIzvfUNmJQwsokfqYEP-OKnWA9e50bxh536ZxX3UZ5wQDdHD5ZcLxqeUQ6cHlXk2sZVtmMUdiTruaW036up7t32DidYIBPCJGzeIp2sYTZSQb-uDaJlrv2KpIh6TJtwEThdSjdWzJc1ZR6QN8vsmiN5A:1wFAUk:i7g3azxyWAxioRSlSqD6YDkfYMROuYTRQAP_41UsVX8", "expire_date": "2026-05-05T12:46:26.144Z"}}, {"model": "sessions.session", "pk": "zdr0fixqrl9u6urrb6tkimx267dc4420", "fields": {"session_data": ".eJxVjEsKwyAUAO_y1kWMf7PsvmeQZ3zWtEUhJqvSu5dAFsl2ZpgvBNzWErZOS5gTjKDgdmYRpzfVXaQX1mdjU6vrMke2J-ywnT1aos_9aC-Dgr3ACKjJGS0tJystpYxGR4vZS4lkMjfOkRM2cyEIkxKkhsF7Lr3ROlL2CL8_5Hs3wA:1wLiU8:Hnp9DHp9_BRAw7pgQEUFkAERTwZChK1idgIwRTgcmGI", "expire_date": "2026-05-23T14:16:52.856Z"}}, {"model": "sites.site", "pk": 1, "fields": {"domain": "example.com", "name": "example.com"}}, {"model": "accounts.utilisateur", "pk": 1, "fields": {"password": "pbkdf2_sha256$870000$P0p6KTmmmZDKGbvQcc5UUf$KQElfpwGsFkF7QdUpc96mYJ6nTumib89DvgYHsPNwYg=", "last_login": "2026-05-10T15:25:26.620Z", "is_superuser": true, "username": "admin", "first_name": "", "last_name": "", "email": "admin@lovoi.com", "is_staff": true, "is_active": true, "date_joined": "2026-04-19T23:00:15.943Z", "telephone": "", "adresse": "", "permis_numero": "", "permis_date": null, "date_inscription": "2026-04-20", "photo": "", "role": "ADMIN", "actif": true, "poste": "", "specialite": "", "cin": "", "permis_conduire": "", "date_naissance": null, "nb_locations": 0, "niveau_acces": "ADMIN", "matricule": "", "certifications": "", "zone_couverte": "", "vehicule_service": "", "groups": [], "user_permissions": []}}, {"model": "accounts.utilisateur", "pk": 2, "fields": {"password": "pbkdf2_sha256$870000$VjYWzB5s9AeI8N8n1zAIJ2$HT7fAGsZLEoEqlTMUCdBDqaURdmgwPldGfWE8wbnX/c=", "last_login": "2026-04-21T12:34:21.142Z", "is_superuser": false, "username": "eheh", "first_name": "saad", "last_name": "eheh", "email": "eheh@gmail.com", "is_staff": false, "is_active": true, "date_joined": "2026-04-20T17:32:44.085Z", "telephone": "0719239933", "adresse": "", "permis_numero": "12331349429", "permis_date": "2026-04-16", "date_inscription": "2026-04-20", "photo": "", "role": "CLIENT", "actif": true, "poste": "", "specialite": "", "cin": "", "permis_conduire": "", "date_naissance": null, "nb_locations": 0, "niveau_acces": "ADMIN", "matricule": "", "certifications": "", "zone_couverte": "", "vehicule_service": "", "groups": [], "user_permissions": []}}, {"model": "accounts.utilisateur", "pk": 3, "fields": {"password": "pbkdf2_sha256$870000$GNrhr20twT2wqmlU9z25rP$Cn16CW36g9lKUhAL7CXYXst8LdSZR8ZyfyItDIyLLjU=", "last_login": "2026-04-21T12:52:51.657Z", "is_superuser": true, "username": "lovoi_admin", "first_name": "Admin", "last_name": "LOVOI", "email": "admin@lovoi.ma", "is_staff": true, "is_active": true, "date_joined": "2026-04-21T12:00:21.692Z", "telephone": "0612345678", "adresse": "", "permis_numero": "", "permis_date": null, "date_inscription": "2026-04-21", "photo": "", "role": "ADMIN", "actif": true, "poste": "", "specialite": "", "cin": "", "permis_conduire": "", "date_naissance": null, "nb_locations": 0, "niveau_acces": "ADMIN", "matricule": "", "certifications": "", "zone_couverte": "", "vehicule_service": "", "groups": [], "user_permissions": []}}, {"model": "accounts.utilisateur", "pk": 4, "fields": {"password": "pbkdf2_sha256$870000$ITDZyaOCS1BibUbr4hLQUT$A//+ejZpr8YSKGcE19RYqcUxQX93zxJ3+MLTbMpi0+k=", "last_login": "2026-05-13T01:01:14.186Z", "is_superuser": false, "username": "livreur1", "first_name": "", "last_name": "", "email": "livreur1@lovoi.com", "is_staff": false, "is_active": true, "date_joined": "2026-04-27T14:31:51.893Z", "telephone": "", "adresse": "", "permis_numero": "", "permis_date": null, "date_inscription": "2026-04-27", "photo": "", "role": "LIVREUR", "actif": true, "poste": "", "specialite": "", "cin": "", "permis_conduire": "", "date_naissance": null, "nb_locations": 0, "niveau_acces": "ADMIN", "matricule": "", "certifications": "", "zone_couverte": "Casablanca", "vehicule_service": "", "groups": [], "user_permissions": []}}, {"model": "accounts.utilisateur", "pk": 5, "fields": {"password": "pbkdf2_sha256$870000$yM0OVrxFoWCKsYbndLwmmC$NA5f2a6YggLss4mduMAc0etc0ZL1eaCcsXYZsjbgBb0=", "last_login": "2026-04-27T15:31:09.415Z", "is_superuser": false, "username": "imran", "first_name": "imran", "last_name": "imran", "email": "imran@gmail.com", "is_staff": false, "is_active": true, "date_joined": "2026-04-27T15:31:07.822Z", "telephone": "imran", "adresse": "", "permis_numero": "imran", "permis_date": "2000-04-06", "date_inscription": "2026-04-27", "photo": "", "role": "CLIENT", "actif": true, "poste": "", "specialite": "", "cin": "", "permis_conduire": "", "date_naissance": null, "nb_locations": 0, "niveau_acces": "ADMIN", "matricule": "", "certifications": "", "zone_couverte": "", "vehicule_service": "", "groups": [], "user_permissions": []}}, {"model": "accounts.utilisateur", "pk": 6, "fields": {"password": "pbkdf2_sha256$870000$eIpMuO17yQXPcGmDVtXx3d$LqMnyNe1KDyshIDPp/ZOKlET3xhFT7wJytOqehvEcvM=", "last_login": "2026-04-27T15:34:37.026Z", "is_superuser": false, "username": "imran1", "first_name": "imran", "last_name": "imran", "email": "imran@gmail.com", "is_staff": false, "is_active": true, "date_joined": "2026-04-27T15:34:35.456Z", "telephone": "imran", "adresse": "", "permis_numero": "imran", "permis_date": "2000-04-06", "date_inscription": "2026-04-27", "photo": "", "role": "CLIENT", "actif": true, "poste": "", "specialite": "", "cin": "", "permis_conduire": "", "date_naissance": null, "nb_locations": 0, "niveau_acces": "ADMIN", "matricule": "", "certifications": "", "zone_couverte": "", "vehicule_service": "", "groups": [], "user_permissions": []}}, {"model": "accounts.utilisateur", "pk": 7, "fields": {"password": "pbkdf2_sha256$870000$gfCUu9Aew7OV3zl5caTxr9$qIRS59rjb/+ll9LEVb7iKDUsIZFXAQMOD1UcCB04mpU=", "last_login": "2026-04-27T16:23:47.044Z", "is_superuser": false, "username": "saad123", "first_name": "saad", "last_name": "badi", "email": "saad@gmail.com", "is_staff": false, "is_active": true, "date_joined": "2026-04-27T16:23:45.408Z", "telephone": "0654886484", "adresse": "", "permis_numero": "zihdaoidh", "permis_date": "2026-04-16", "date_inscription": "2026-04-27", "photo": "", "role": "CLIENT", "actif": true, "poste": "", "specialite": "", "cin": "", "permis_conduire": "", "date_naissance": null, "nb_locations": 0, "niveau_acces": "ADMIN", "matricule": "", "certifications": "", "zone_couverte": "", "vehicule_service": "", "groups": [], "user_permissions": []}}, {"model": "accounts.utilisateur", "pk": 8, "fields": {"password": "pbkdf2_sha256$600000$IdBqN7H1AZkJHzO9IftDRh$ta4ioFvGB9QiBIL7mvKsPCQiIOIme3yEDJaMlBwsLJA=", "last_login": "2026-05-03T14:07:46.649Z", "is_superuser": false, "username": "testclient", "first_name": "Test", "last_name": "Client", "email": "testclient@test.com", "is_staff": false, "is_active": true, "date_joined": "2026-05-03T13:07:10.940Z", "telephone": "", "adresse": "", "permis_numero": "", "permis_date": null, "date_inscription": "2026-05-03", "photo": "", "role": "CLIENT", "actif": true, "poste": "", "specialite": "", "cin": "", "permis_conduire": "", "date_naissance": null, "nb_locations": 0, "niveau_acces": "ADMIN", "matricule": "", "certifications": "", "zone_couverte": "", "vehicule_service": "", "groups": [], "user_permissions": []}}, {"model": "accounts.utilisateur", "pk": 9, "fields": {"password": "pbkdf2_sha256$600000$4nRVsthEwlmuvshQFAuuB9$Jvfp2AztKqp48w3COgOUkRGF2r6A+Qj/kN1150pS+YE=", "last_login": "2026-05-03T20:29:07.266Z", "is_superuser": false, "username": "testlivreur", "first_name": "Test", "last_name": "Livreur", "email": "livreur@test.com", "is_staff": false, "is_active": true, "date_joined": "2026-05-03T13:34:55.570Z", "telephone": "", "adresse": "", "permis_numero": "", "permis_date": null, "date_inscription": "2026-05-03", "photo": "", "role": "LIVREUR", "actif": true, "poste": "", "specialite": "", "cin": "", "permis_conduire": "", "date_naissance": null, "nb_locations": 0, "niveau_acces": "ADMIN", "matricule": "", "certifications": "", "zone_couverte": "", "vehicule_service": "", "groups": [], "user_permissions": []}}, {"model": "accounts.utilisateur", "pk": 10, "fields": {"password": "pbkdf2_sha256$1200000$rNoeaG9aGsvR1I41QoXLcT$PIjgvdhP+/jLQTgXR0/PyrRRKBZSkdm8Qv0fzHwzOmk=", "last_login": "2026-05-07T12:18:14.568Z", "is_superuser": false, "username": "clienttest", "first_name": "Test", "last_name": "Client", "email": "client@test.com", "is_staff": false, "is_active": true, "date_joined": "2026-05-07T12:15:56.055Z", "telephone": "", "adresse": "", "permis_numero": "", "permis_date": null, "date_inscription": "2026-05-07", "photo": "", "role": "CLIENT", "actif": true, "poste": "", "specialite": "", "cin": "", "permis_conduire": "", "date_naissance": null, "nb_locations": 0, "niveau_acces": "ADMIN", "matricule": "", "certifications": "", "zone_couverte": "", "vehicule_service": "", "groups": [], "user_permissions": []}}, {"model": "accounts.utilisateur", "pk": 11, "fields": {"password": "pbkdf2_sha256$1200000$cfGbqY4VP6JaOgtxoMs6sY$kw7yy/+8phJGJSGp4gZr5OsyD7YlLHwAqw8ub8v5wNs=", "last_login": "2026-05-08T17:54:02.020Z", "is_superuser": false, "username": "amrani", "first_name": "amrani", "last_name": "zdaz", "email": "amranixp@gmail.com", "is_staff": false, "is_active": true, "date_joined": "2026-05-08T17:54:01.100Z", "telephone": "32525325", "adresse": "", "permis_numero": "AB253325325", "permis_date": "2026-05-16", "date_inscription": "2026-05-08", "photo": "", "role": "CLIENT", "actif": true, "poste": "", "specialite": "", "cin": "", "permis_conduire": "", "date_naissance": null, "nb_locations": 0, "niveau_acces": "ADMIN", "matricule": "", "certifications": "", "zone_couverte": "", "vehicule_service": "", "groups": [], "user_permissions": []}}, {"model": "accounts.utilisateur", "pk": 12, "fields": {"password": "pbkdf2_sha256$870000$hamTaDCV0fEKpphimh6o9c$rP0c3jUOJb/mIe8H7ZOk+85FCXaHW9vSuXoJgQaaQOM=", "last_login": "2026-05-09T14:14:12.239Z", "is_superuser": false, "username": "client", "first_name": "client", "last_name": "client", "email": "client@gmail.com", "is_staff": false, "is_active": true, "date_joined": "2026-05-09T14:14:11.575Z", "telephone": "0585856346", "adresse": "", "permis_numero": "AZRATEZGR", "permis_date": "2026-05-19", "date_inscription": "2026-05-09", "photo": "", "role": "CLIENT", "actif": true, "poste": "", "specialite": "", "cin": "", "permis_conduire": "", "date_naissance": null, "nb_locations": 0, "niveau_acces": "ADMIN", "matricule": "", "certifications": "", "zone_couverte": "", "vehicule_service": "", "groups": [], "user_permissions": []}}, {"model": "accounts.utilisateur", "pk": 13, "fields": {"password": "pbkdf2_sha256$870000$BSkWzS0IopM752ZhRnY8gg$3AoHTYUWIYGvPFZmC+CYIqxqZmpvRN+QYMfjwUYQLv4=", "last_login": "2026-05-10T14:55:09.359Z", "is_superuser": false, "username": "tech001", "first_name": "Tech", "last_name": "Test", "email": "tech@lovoi.com", "is_staff": false, "is_active": true, "date_joined": "2026-05-10T14:54:42.595Z", "telephone": "", "adresse": "", "permis_numero": "", "permis_date": null, "date_inscription": "2026-05-10", "photo": "", "role": "TECHNICIEN", "actif": true, "poste": "", "specialite": "", "cin": "", "permis_conduire": "", "date_naissance": null, "nb_locations": 0, "niveau_acces": "ADMIN", "matricule": "", "certifications": "", "zone_couverte": "", "vehicule_service": "", "groups": [], "user_permissions": []}}, {"model": "accounts.utilisateur", "pk": 14, "fields": {"password": "pbkdf2_sha256$870000$ZSYLSPqnsNrNaotVBih7IJ$rNF+73TLzEnfO9cka7DXM2cVX1MabiFkuYzCHCfvztQ=", "last_login": "2026-05-10T15:11:35.466Z", "is_superuser": false, "username": "imranasd", "first_name": "amrani", "last_name": "eheh", "email": "imran@gmail.com", "is_staff": false, "is_active": true, "date_joined": "2026-05-10T15:11:34.754Z", "telephone": "0585856346", "adresse": "", "permis_numero": "AZRATEZGR", "permis_date": "2026-05-19", "date_inscription": "2026-05-10", "photo": "", "role": "CLIENT", "actif": true, "poste": "", "specialite": "", "cin": "", "permis_conduire": "", "date_naissance": null, "nb_locations": 0, "niveau_acces": "ADMIN", "matricule": "", "certifications": "", "zone_couverte": "", "vehicule_service": "", "groups": [], "user_permissions": []}}, {"model": "accounts.utilisateur", "pk": 15, "fields": {"password": "pbkdf2_sha256$870000$yXrGyPDgC6fYJq62fJsh9y$TkZMrYQ9P2bumvq7VswtRbQqsU13c0sF3JmFCxjbVbo=", "last_login": "2026-05-10T15:12:22.311Z", "is_superuser": false, "username": "imranasdFE", "first_name": "amrani", "last_name": "eheh", "email": "imran@gmail.com", "is_staff": false, "is_active": true, "date_joined": "2026-05-10T15:12:21.654Z", "telephone": "0585856346", "adresse": "", "permis_numero": "AZRATEZGR", "permis_date": "2026-05-19", "date_inscription": "2026-05-10", "photo": "", "role": "CLIENT", "actif": true, "poste": "", "specialite": "", "cin": "", "permis_conduire": "", "date_naissance": null, "nb_locations": 0, "niveau_acces": "ADMIN", "matricule": "", "certifications": "", "zone_couverte": "", "vehicule_service": "", "groups": [], "user_permissions": []}}, {"model": "accounts.utilisateur", "pk": 16, "fields": {"password": "pbkdf2_sha256$600000$7hkNc36pfcN0Oy82mhEO9i$gblkOeJv866ziVFCQKWAHfN8ZcS8B8N+S2GSMOsDcIc=", "last_login": "2026-05-11T22:44:29.707Z", "is_superuser": false, "username": "fati1", "first_name": "fati", "last_name": "ma", "email": "fati@gmail.com", "is_staff": false, "is_active": true, "date_joined": "2026-05-11T22:44:28.258Z", "telephone": "0600000000", "adresse": "", "permis_numero": "A", "permis_date": "2018-02-12", "date_inscription": "2026-05-12", "photo": "", "role": "TECHNICIEN", "actif": true, "poste": "", "specialite": "", "cin": "", "permis_conduire": "", "date_naissance": null, "nb_locations": 0, "niveau_acces": "ADMIN", "matricule": "", "certifications": "", "zone_couverte": "", "vehicule_service": "", "groups": [], "user_permissions": []}}, {"model": "accounts.utilisateur", "pk": 17, "fields": {"password": "pbkdf2_sha256$870000$pI5mL526OdntT875LwMp1Y$EjL27l6hkBQKN0VX3jUKA01M1ZgbY1OcTy4KGGvY9o0=", "last_login": "2026-05-13T01:12:53.705Z", "is_superuser": true, "username": "admin1", "first_name": "fatimaezzahra", "last_name": "laafar", "email": "admin@gmail.com", "is_staff": true, "is_active": true, "date_joined": "2026-05-11T23:02:52Z", "telephone": "0600000000", "adresse": "", "permis_numero": "", "permis_date": null, "date_inscription": "2026-05-12", "photo": "", "role": "CLIENT", "actif": true, "poste": "", "specialite": "", "cin": "", "permis_conduire": "", "date_naissance": null, "nb_locations": 0, "niveau_acces": "ADMIN", "matricule": "", "certifications": "", "zone_couverte": "", "vehicule_service": "", "groups": [], "user_permissions": []}}, {"model": "accounts.utilisateur", "pk": 18, "fields": {"password": "pbkdf2_sha256$870000$TshBQyxBrDELXZgMcjxS4D$9trvOB43rojpkEnLv20Gvr3vSMcGBpl3uBO0FFZunPk=", "last_login": "2026-05-13T01:13:08.326Z", "is_superuser": false, "username": "admin12", "first_name": "admin12", "last_name": "laa", "email": "admin12@gmail.com", "is_staff": false, "is_active": true, "date_joined": "2026-05-12T14:49:25.819Z", "telephone": "0612121212", "adresse": "", "permis_numero": "A", "permis_date": "2026-05-14", "date_inscription": "2026-05-12", "photo": "", "role": "ADMIN", "actif": true, "poste": "", "specialite": "", "cin": "", "permis_conduire": "", "date_naissance": null, "nb_locations": 0, "niveau_acces": "ADMIN", "matricule": "", "certifications": "", "zone_couverte": "", "vehicule_service": "", "groups": [], "user_permissions": []}}, {"model": "accounts.utilisateur", "pk": 19, "fields": {"password": "pbkdf2_sha256$870000$b2wAh7ESYw9PBOLIueuyZa$1oOKmMi0zFBTFiJRbcqy3gHY6UcEcucdCOy4EMX/Mus=", "last_login": "2026-05-13T01:25:26.514Z", "is_superuser": false, "username": "client123", "first_name": "Client", "last_name": "Client", "email": "client@gmail.com", "is_staff": false, "is_active": true, "date_joined": "2026-05-12T21:46:36.127Z", "telephone": "020202020", "adresse": "", "permis_numero": "B", "permis_date": "2026-05-14", "date_inscription": "2026-05-12", "photo": "", "role": "CLIENT", "actif": true, "poste": "", "specialite": "", "cin": "", "permis_conduire": "", "date_naissance": null, "nb_locations": 0, "niveau_acces": "ADMIN", "matricule": "", "certifications": "", "zone_couverte": "", "vehicule_service": "", "groups": [], "user_permissions": []}}, {"model": "accounts.utilisateur", "pk": 20, "fields": {"password": "pbkdf2_sha256$870000$BC6lIlw43jrgrLWdCokr1R$mp7FPrpOfhrar2uUk4YhUd3aZ9ZXLf8rtFyrve7eYmo=", "last_login": "2026-05-13T00:58:44.555Z", "is_superuser": false, "username": "fati123", "first_name": "client1234", "last_name": "client1234", "email": "fati123@gmail.com", "is_staff": false, "is_active": true, "date_joined": "2026-05-13T00:58:43.405Z", "telephone": "0600101010", "adresse": "", "permis_numero": "B", "permis_date": "2009-02-08", "date_inscription": "2026-05-13", "photo": "", "role": "CLIENT", "actif": true, "poste": "", "specialite": "", "cin": "", "permis_conduire": "", "date_naissance": null, "nb_locations": 0, "niveau_acces": "ADMIN", "matricule": "", "certifications": "", "zone_couverte": "", "vehicule_service": "", "groups": [], "user_permissions": []}}, {"model": "accounts.notification", "pk": 1, "fields": {"utilisateur": 1, "type": "RESERVATION", "titre": "Nouvelle réservation #1", "message": "Une nouvelle réservation a été créée par Test Client pour le véhicule MERCEDES C63s (7777 |1 | و).", "date_envoi": "2026-05-03T13:49:05.887Z", "lue": true}}, {"model": "accounts.notification", "pk": 2, "fields": {"utilisateur": 3, "type": "RESERVATION", "titre": "Nouvelle réservation #1", "message": "Une nouvelle réservation a été créée par Test Client pour le véhicule MERCEDES C63s (7777 |1 | و).", "date_envoi": "2026-05-03T13:49:05.891Z", "lue": false}}, {"model": "accounts.notification", "pk": 3, "fields": {"utilisateur": 8, "type": "RESERVATION", "titre": "Réservation #1 confirmée", "message": "Votre réservation pour MERCEDES C63s (7777 |1 | و) a été confirmée.", "date_envoi": "2026-05-03T13:49:05.898Z", "lue": true}}, {"model": "accounts.notification", "pk": 4, "fields": {"utilisateur": 1, "type": "RESERVATION", "titre": "Nouvelle réservation #2", "message": "Une nouvelle réservation a été créée par Test Client pour le véhicule MERCEDES C63s (7777 |1 | و).", "date_envoi": "2026-05-08T15:47:10.976Z", "lue": true}}, {"model": "accounts.notification", "pk": 5, "fields": {"utilisateur": 3, "type": "RESERVATION", "titre": "Nouvelle réservation #2", "message": "Une nouvelle réservation a été créée par Test Client pour le véhicule MERCEDES C63s (7777 |1 | و).", "date_envoi": "2026-05-08T15:47:10.980Z", "lue": false}}, {"model": "accounts.notification", "pk": 6, "fields": {"utilisateur": 10, "type": "RESERVATION", "titre": "Réservation #2 confirmée", "message": "Votre réservation pour MERCEDES C63s (7777 |1 | و) a été confirmée.", "date_envoi": "2026-05-08T15:47:10.987Z", "lue": true}}, {"model": "accounts.notification", "pk": 7, "fields": {"utilisateur": 1, "type": "RESERVATION", "titre": "Nouvelle réservation #3", "message": "Une nouvelle réservation a été créée par Test Client pour le véhicule MERCEDES C63s (7777 |1 | و).", "date_envoi": "2026-05-08T15:49:21.478Z", "lue": true}}, {"model": "accounts.notification", "pk": 8, "fields": {"utilisateur": 3, "type": "RESERVATION", "titre": "Nouvelle réservation #3", "message": "Une nouvelle réservation a été créée par Test Client pour le véhicule MERCEDES C63s (7777 |1 | و).", "date_envoi": "2026-05-08T15:49:21.481Z", "lue": false}}, {"model": "accounts.notification", "pk": 9, "fields": {"utilisateur": 10, "type": "RESERVATION", "titre": "Réservation #3 confirmée", "message": "Votre réservation pour MERCEDES C63s (7777 |1 | و) a été confirmée.", "date_envoi": "2026-05-08T15:49:21.489Z", "lue": true}}, {"model": "accounts.notification", "pk": 10, "fields": {"utilisateur": 1, "type": "RESERVATION", "titre": "Nouvelle Réservation Confirmée", "message": "Réservation #3 - clienttest (Client) a réservé MERCEDES C63s. Montant: 10000.00 MAD.", "date_envoi": "2026-05-08T15:49:21.510Z", "lue": true}}, {"model": "accounts.notification", "pk": 11, "fields": {"utilisateur": 3, "type": "RESERVATION", "titre": "Nouvelle Réservation Confirmée", "message": "Réservation #3 - clienttest (Client) a réservé MERCEDES C63s. Montant: 10000.00 MAD.", "date_envoi": "2026-05-08T15:49:21.513Z", "lue": false}}, {"model": "accounts.notification", "pk": 12, "fields": {"utilisateur": 4, "type": "RESERVATION", "titre": "Livraison Assignée", "message": "Une nouvelle livraison vous a été assignée! Réservation #3. Client: clienttest (Client), Lieu: casablanca maarif.", "date_envoi": "2026-05-08T15:49:21.517Z", "lue": true}}, {"model": "accounts.notification", "pk": 13, "fields": {"utilisateur": 1, "type": "RESERVATION", "titre": "Nouvelle réservation #4", "message": "Une nouvelle réservation a été créée par client client pour le véhicule MERCEDES C63s (7777 |1 | و).", "date_envoi": "2026-05-09T14:15:42.420Z", "lue": false}}, {"model": "accounts.notification", "pk": 14, "fields": {"utilisateur": 3, "type": "RESERVATION", "titre": "Nouvelle réservation #4", "message": "Une nouvelle réservation a été créée par client client pour le véhicule MERCEDES C63s (7777 |1 | و).", "date_envoi": "2026-05-09T14:15:42.424Z", "lue": false}}, {"model": "accounts.notification", "pk": 15, "fields": {"utilisateur": 12, "type": "RESERVATION", "titre": "Réservation #4 confirmée", "message": "Votre réservation pour MERCEDES C63s (7777 |1 | و) a été confirmée.", "date_envoi": "2026-05-09T14:15:42.431Z", "lue": false}}, {"model": "accounts.notification", "pk": 16, "fields": {"utilisateur": 1, "type": "RESERVATION", "titre": "Nouvelle Réservation Confirmée", "message": "Réservation #4 - client (Client) a réservé MERCEDES C63s. Montant: 7500.00 MAD.", "date_envoi": "2026-05-09T14:15:42.457Z", "lue": false}}, {"model": "accounts.notification", "pk": 17, "fields": {"utilisateur": 3, "type": "RESERVATION", "titre": "Nouvelle Réservation Confirmée", "message": "Réservation #4 - client (Client) a réservé MERCEDES C63s. Montant: 7500.00 MAD.", "date_envoi": "2026-05-09T14:15:42.461Z", "lue": false}}, {"model": "accounts.notification", "pk": 18, "fields": {"utilisateur": 4, "type": "RESERVATION", "titre": "Livraison Assignée", "message": "Une nouvelle livraison vous a été assignée! Réservation #4. Client: client (Client), Lieu: casablanca maarif.", "date_envoi": "2026-05-09T14:15:42.464Z", "lue": true}}, {"model": "accounts.notification", "pk": 19, "fields": {"utilisateur": 1, "type": "RESERVATION", "titre": "Nouvelle réservation #5", "message": "Une nouvelle réservation a été créée par amrani eheh pour le véhicule MERCEDES C63s (7777 |1 | و).", "date_envoi": "2026-05-10T15:23:11.087Z", "lue": false}}, {"model": "accounts.notification", "pk": 20, "fields": {"utilisateur": 3, "type": "RESERVATION", "titre": "Nouvelle réservation #5", "message": "Une nouvelle réservation a été créée par amrani eheh pour le véhicule MERCEDES C63s (7777 |1 | و).", "date_envoi": "2026-05-10T15:23:11.092Z", "lue": false}}, {"model": "accounts.notification", "pk": 21, "fields": {"utilisateur": 15, "type": "RESERVATION", "titre": "Réservation #5 confirmée", "message": "Votre réservation pour MERCEDES C63s (7777 |1 | و) a été confirmée.", "date_envoi": "2026-05-10T15:23:11.100Z", "lue": false}}, {"model": "accounts.notification", "pk": 22, "fields": {"utilisateur": 1, "type": "RESERVATION", "titre": "Nouvelle Réservation Confirmée", "message": "Réservation #5 - imranasdFE (Client) a réservé MERCEDES C63s. Montant: 1250.00 MAD.", "date_envoi": "2026-05-10T15:23:11.126Z", "lue": false}}, {"model": "accounts.notification", "pk": 23, "fields": {"utilisateur": 3, "type": "RESERVATION", "titre": "Nouvelle Réservation Confirmée", "message": "Réservation #5 - imranasdFE (Client) a réservé MERCEDES C63s. Montant: 1250.00 MAD.", "date_envoi": "2026-05-10T15:23:11.130Z", "lue": false}}, {"model": "accounts.notification", "pk": 24, "fields": {"utilisateur": 4, "type": "RESERVATION", "titre": "Livraison Assignée", "message": "Une nouvelle livraison vous a été assignée! Réservation #5. Client: imranasdFE (Client), Lieu: À définir.", "date_envoi": "2026-05-10T15:23:11.134Z", "lue": true}}, {"model": "accounts.notification", "pk": 25, "fields": {"utilisateur": 15, "type": "RESERVATION", "titre": "Réservation #5 confirmée", "message": "Votre réservation pour MERCEDES C63s (7777 |1 | و) a été confirmée.", "date_envoi": "2026-05-10T15:40:42.982Z", "lue": false}}, {"model": "accounts.notification", "pk": 26, "fields": {"utilisateur": 12, "type": "RESERVATION", "titre": "Réservation #4 confirmée", "message": "Votre réservation pour MERCEDES C63s (7777 |1 | و) a été confirmée.", "date_envoi": "2026-05-10T15:40:42.992Z", "lue": false}}, {"model": "accounts.notification", "pk": 27, "fields": {"utilisateur": 10, "type": "RESERVATION", "titre": "Réservation #2 confirmée", "message": "Votre réservation pour MERCEDES C63s (7777 |1 | و) a été confirmée.", "date_envoi": "2026-05-10T15:40:43.001Z", "lue": false}}, {"model": "accounts.notification", "pk": 28, "fields": {"utilisateur": 10, "type": "RESERVATION", "titre": "Réservation #3 confirmée", "message": "Votre réservation pour MERCEDES C63s (7777 |1 | و) a été confirmée.", "date_envoi": "2026-05-10T15:40:43.009Z", "lue": false}}, {"model": "accounts.notification", "pk": 29, "fields": {"utilisateur": 8, "type": "RESERVATION", "titre": "Réservation #1 confirmée", "message": "Votre réservation pour MERCEDES C63s (7777 |1 | و) a été confirmée.", "date_envoi": "2026-05-10T15:40:43.020Z", "lue": false}}, {"model": "accounts.notification", "pk": 30, "fields": {"utilisateur": 1, "type": "RESERVATION", "titre": "Nouvelle réservation #6", "message": "Une nouvelle réservation a été créée par  pour le véhicule MERCEDES C63s (7777 |1 | و).", "date_envoi": "2026-05-12T00:50:15.807Z", "lue": false}}, {"model": "accounts.notification", "pk": 31, "fields": {"utilisateur": 3, "type": "RESERVATION", "titre": "Nouvelle réservation #6", "message": "Une nouvelle réservation a été créée par  pour le véhicule MERCEDES C63s (7777 |1 | و).", "date_envoi": "2026-05-12T00:50:15.818Z", "lue": false}}, {"model": "accounts.notification", "pk": 32, "fields": {"utilisateur": 17, "type": "RESERVATION", "titre": "Réservation #6 confirmée", "message": "Votre réservation pour MERCEDES C63s (7777 |1 | و) a été confirmée.", "date_envoi": "2026-05-12T00:50:15.835Z", "lue": true}}, {"model": "accounts.notification", "pk": 33, "fields": {"utilisateur": 1, "type": "RESERVATION", "titre": "Nouvelle Réservation Confirmée", "message": "Réservation #6 - admin1 (Client) a réservé MERCEDES C63s. Montant: 2500.00 MAD.", "date_envoi": "2026-05-12T00:50:15.889Z", "lue": false}}, {"model": "accounts.notification", "pk": 34, "fields": {"utilisateur": 3, "type": "RESERVATION", "titre": "Nouvelle Réservation Confirmée", "message": "Réservation #6 - admin1 (Client) a réservé MERCEDES C63s. Montant: 2500.00 MAD.", "date_envoi": "2026-05-12T00:50:15.899Z", "lue": false}}, {"model": "accounts.notification", "pk": 35, "fields": {"utilisateur": 4, "type": "RESERVATION", "titre": "Livraison Assignée", "message": "Une nouvelle livraison vous a été assignée! Réservation #6. Client: admin1 (Client), Lieu: À définir.", "date_envoi": "2026-05-12T00:50:15.907Z", "lue": true}}, {"model": "accounts.notification", "pk": 36, "fields": {"utilisateur": 1, "type": "RESERVATION", "titre": "Nouvelle réservation #7", "message": "Une nouvelle réservation a été créée par  pour le véhicule Citroen C3 (CI-001).", "date_envoi": "2026-05-12T13:32:26.502Z", "lue": false}}, {"model": "accounts.notification", "pk": 37, "fields": {"utilisateur": 3, "type": "RESERVATION", "titre": "Nouvelle réservation #7", "message": "Une nouvelle réservation a été créée par  pour le véhicule Citroen C3 (CI-001).", "date_envoi": "2026-05-12T13:32:26.509Z", "lue": false}}, {"model": "accounts.notification", "pk": 38, "fields": {"utilisateur": 17, "type": "RESERVATION", "titre": "Réservation #7 confirmée", "message": "Votre réservation pour Citroen C3 (CI-001) a été confirmée.", "date_envoi": "2026-05-12T13:32:26.526Z", "lue": true}}, {"model": "accounts.notification", "pk": 39, "fields": {"utilisateur": 1, "type": "RESERVATION", "titre": "Nouvelle Réservation Confirmée", "message": "Réservation #7 - admin1 (Client) a réservé Citroen C3. Montant: 1260.0000 MAD.", "date_envoi": "2026-05-12T13:32:26.567Z", "lue": false}}, {"model": "accounts.notification", "pk": 40, "fields": {"utilisateur": 3, "type": "RESERVATION", "titre": "Nouvelle Réservation Confirmée", "message": "Réservation #7 - admin1 (Client) a réservé Citroen C3. Montant: 1260.0000 MAD.", "date_envoi": "2026-05-12T13:32:26.575Z", "lue": false}}, {"model": "accounts.notification", "pk": 41, "fields": {"utilisateur": 4, "type": "RESERVATION", "titre": "Livraison Assignée", "message": "Une nouvelle livraison vous a été assignée! Réservation #7. Client: admin1 (Client), Lieu: À définir.", "date_envoi": "2026-05-12T13:32:26.582Z", "lue": true}}, {"model": "accounts.notification", "pk": 42, "fields": {"utilisateur": 1, "type": "RESERVATION", "titre": "Nouvelle réservation #8", "message": "Une nouvelle réservation a été créée par  pour le véhicule Citroen C3 (CI-001).", "date_envoi": "2026-05-12T13:35:05.845Z", "lue": false}}, {"model": "accounts.notification", "pk": 43, "fields": {"utilisateur": 3, "type": "RESERVATION", "titre": "Nouvelle réservation #8", "message": "Une nouvelle réservation a été créée par  pour le véhicule Citroen C3 (CI-001).", "date_envoi": "2026-05-12T13:35:05.852Z", "lue": false}}, {"model": "accounts.notification", "pk": 44, "fields": {"utilisateur": 17, "type": "RESERVATION", "titre": "Réservation #8 confirmée", "message": "Votre réservation pour Citroen C3 (CI-001) a été confirmée.", "date_envoi": "2026-05-12T13:35:05.865Z", "lue": true}}, {"model": "accounts.notification", "pk": 45, "fields": {"utilisateur": 1, "type": "RESERVATION", "titre": "Nouvelle Réservation Confirmée", "message": "Réservation #8 - admin1 (Client) a réservé Citroen C3. Montant: 1260.0000 MAD.", "date_envoi": "2026-05-12T13:35:05.898Z", "lue": false}}, {"model": "accounts.notification", "pk": 46, "fields": {"utilisateur": 3, "type": "RESERVATION", "titre": "Nouvelle Réservation Confirmée", "message": "Réservation #8 - admin1 (Client) a réservé Citroen C3. Montant: 1260.0000 MAD.", "date_envoi": "2026-05-12T13:35:05.903Z", "lue": false}}, {"model": "accounts.notification", "pk": 47, "fields": {"utilisateur": 4, "type": "RESERVATION", "titre": "Livraison Assignée", "message": "Une nouvelle livraison vous a été assignée! Réservation #8. Client: admin1 (Client), Lieu: À définir.", "date_envoi": "2026-05-12T13:35:05.909Z", "lue": true}}, {"model": "accounts.notification", "pk": 48, "fields": {"utilisateur": 1, "type": "RESERVATION", "titre": "Nouvelle réservation #9", "message": "Une nouvelle réservation a été créée par  pour le véhicule Peugeot 208 (DK-1235).", "date_envoi": "2026-05-12T14:11:14.980Z", "lue": false}}, {"model": "accounts.notification", "pk": 49, "fields": {"utilisateur": 3, "type": "RESERVATION", "titre": "Nouvelle réservation #9", "message": "Une nouvelle réservation a été créée par  pour le véhicule Peugeot 208 (DK-1235).", "date_envoi": "2026-05-12T14:11:14.981Z", "lue": false}}, {"model": "accounts.notification", "pk": 50, "fields": {"utilisateur": 1, "type": "RESERVATION", "titre": "Nouvelle Réservation Confirmée", "message": "Réservation #9 - admin1 (Client) a réservé Peugeot 208. Montant: 336.00 MAD.", "date_envoi": "2026-05-12T14:11:15.030Z", "lue": false}}, {"model": "accounts.notification", "pk": 51, "fields": {"utilisateur": 3, "type": "RESERVATION", "titre": "Nouvelle Réservation Confirmée", "message": "Réservation #9 - admin1 (Client) a réservé Peugeot 208. Montant: 336.00 MAD.", "date_envoi": "2026-05-12T14:11:15.036Z", "lue": false}}, {"model": "accounts.notification", "pk": 52, "fields": {"utilisateur": 4, "type": "RESERVATION", "titre": "Livraison Assignée", "message": "Une nouvelle livraison vous a été assignée! Réservation #9. Client: admin1 (Client), Lieu: À définir.", "date_envoi": "2026-05-12T14:11:15.045Z", "lue": true}}, {"model": "accounts.notification", "pk": 53, "fields": {"utilisateur": 1, "type": "RESERVATION", "titre": "Nouvelle réservation #10", "message": "Une nouvelle réservation a été créée par  pour le véhicule MERCEDES C63s (7777 |1 | و).", "date_envoi": "2026-05-12T14:26:44.026Z", "lue": false}}, {"model": "accounts.notification", "pk": 54, "fields": {"utilisateur": 3, "type": "RESERVATION", "titre": "Nouvelle réservation #10", "message": "Une nouvelle réservation a été créée par  pour le véhicule MERCEDES C63s (7777 |1 | و).", "date_envoi": "2026-05-12T14:26:44.027Z", "lue": false}}, {"model": "accounts.notification", "pk": 55, "fields": {"utilisateur": 1, "type": "RESERVATION", "titre": "Nouvelle Réservation Confirmée", "message": "Réservation #10 - admin1 (Client) a réservé MERCEDES C63s. Montant: 1500.00 MAD.", "date_envoi": "2026-05-12T14:26:44.077Z", "lue": false}}, {"model": "accounts.notification", "pk": 56, "fields": {"utilisateur": 3, "type": "RESERVATION", "titre": "Nouvelle Réservation Confirmée", "message": "Réservation #10 - admin1 (Client) a réservé MERCEDES C63s. Montant: 1500.00 MAD.", "date_envoi": "2026-05-12T14:26:44.085Z", "lue": false}}, {"model": "accounts.notification", "pk": 57, "fields": {"utilisateur": 4, "type": "RESERVATION", "titre": "Livraison Assignée", "message": "Une nouvelle livraison vous a été assignée! Réservation #10. Client: admin1 (Client), Lieu: Bouabout, caïdat d' M’touga, cercle d'M’touga, Province de Chichaoua, Marrakech-Safi, Maroc.", "date_envoi": "2026-05-12T14:26:44.093Z", "lue": true}}, {"model": "accounts.notification", "pk": 58, "fields": {"utilisateur": 1, "type": "RESERVATION", "titre": "Nouvelle réservation #11", "message": "Une nouvelle réservation a été créée par  pour le véhicule VOLVO Vehicle (TEST-8).", "date_envoi": "2026-05-12T21:21:17.985Z", "lue": false}}, {"model": "accounts.notification", "pk": 59, "fields": {"utilisateur": 3, "type": "RESERVATION", "titre": "Nouvelle réservation #11", "message": "Une nouvelle réservation a été créée par  pour le véhicule VOLVO Vehicle (TEST-8).", "date_envoi": "2026-05-12T21:21:17.985Z", "lue": false}}, {"model": "accounts.notification", "pk": 60, "fields": {"utilisateur": 18, "type": "RESERVATION", "titre": "Nouvelle réservation #11", "message": "Une nouvelle réservation a été créée par  pour le véhicule VOLVO Vehicle (TEST-8).", "date_envoi": "2026-05-12T21:21:17.985Z", "lue": true}}, {"model": "accounts.notification", "pk": 61, "fields": {"utilisateur": 1, "type": "RESERVATION", "titre": "Nouvelle Réservation Confirmée", "message": "Réservation #11 - admin1 (Client) a réservé VOLVO Vehicle. Montant: 600.00 MAD.", "date_envoi": "2026-05-12T21:21:18.038Z", "lue": false}}, {"model": "accounts.notification", "pk": 62, "fields": {"utilisateur": 3, "type": "RESERVATION", "titre": "Nouvelle Réservation Confirmée", "message": "Réservation #11 - admin1 (Client) a réservé VOLVO Vehicle. Montant: 600.00 MAD.", "date_envoi": "2026-05-12T21:21:18.046Z", "lue": false}}, {"model": "accounts.notification", "pk": 63, "fields": {"utilisateur": 18, "type": "RESERVATION", "titre": "Nouvelle Réservation Confirmée", "message": "Réservation #11 - admin1 (Client) a réservé VOLVO Vehicle. Montant: 600.00 MAD.", "date_envoi": "2026-05-12T21:21:18.057Z", "lue": true}}, {"model": "accounts.notification", "pk": 64, "fields": {"utilisateur": 4, "type": "RESERVATION", "titre": "Livraison Assignée", "message": "Une nouvelle livraison vous a été assignée! Réservation #11. Client: admin1 (Client), Lieu: Labkhati, caïdat de Had Labkhati, cercle de Abda, Province de Safi, Marrakech-Safi, Maroc.", "date_envoi": "2026-05-12T21:21:18.066Z", "lue": true}}, {"model": "accounts.notification", "pk": 65, "fields": {"utilisateur": 17, "type": "RESERVATION", "titre": "Location #11 démarrée", "message": "Votre location pour VOLVO Vehicle (TEST-8) a commencé. Bonne route!", "date_envoi": "2026-05-12T21:33:57.716Z", "lue": false}}, {"model": "accounts.notification", "pk": 66, "fields": {"utilisateur": 1, "type": "RESERVATION", "titre": "Nouvelle réservation #12", "message": "Une nouvelle réservation a été créée par Client Client pour le véhicule Dacia Duster (DK-4001).", "date_envoi": "2026-05-12T21:47:45.844Z", "lue": false}}, {"model": "accounts.notification", "pk": 67, "fields": {"utilisateur": 3, "type": "RESERVATION", "titre": "Nouvelle réservation #12", "message": "Une nouvelle réservation a été créée par Client Client pour le véhicule Dacia Duster (DK-4001).", "date_envoi": "2026-05-12T21:47:45.845Z", "lue": false}}, {"model": "accounts.notification", "pk": 68, "fields": {"utilisateur": 18, "type": "RESERVATION", "titre": "Nouvelle réservation #12", "message": "Une nouvelle réservation a été créée par Client Client pour le véhicule Dacia Duster (DK-4001).", "date_envoi": "2026-05-12T21:47:45.845Z", "lue": true}}, {"model": "accounts.notification", "pk": 69, "fields": {"utilisateur": 1, "type": "RESERVATION", "titre": "Nouvelle Réservation Confirmée", "message": "Réservation #12 - client123 (Client) a réservé Dacia Duster. Montant: 420.00 MAD.", "date_envoi": "2026-05-12T21:47:45.886Z", "lue": false}}, {"model": "accounts.notification", "pk": 70, "fields": {"utilisateur": 3, "type": "RESERVATION", "titre": "Nouvelle Réservation Confirmée", "message": "Réservation #12 - client123 (Client) a réservé Dacia Duster. Montant: 420.00 MAD.", "date_envoi": "2026-05-12T21:47:45.893Z", "lue": false}}, {"model": "accounts.notification", "pk": 71, "fields": {"utilisateur": 18, "type": "RESERVATION", "titre": "Nouvelle Réservation Confirmée", "message": "Réservation #12 - client123 (Client) a réservé Dacia Duster. Montant: 420.00 MAD.", "date_envoi": "2026-05-12T21:47:45.897Z", "lue": true}}, {"model": "accounts.notification", "pk": 72, "fields": {"utilisateur": 4, "type": "RESERVATION", "titre": "Livraison Assignée", "message": "Une nouvelle livraison vous a été assignée! Réservation #12. Client: client123 (Client), Lieu: Machraa Ben Abbou, caïdat de Oulad Bouziri, Cercle de Settat, Province de Settat, Casablanca-Settat, Maroc.", "date_envoi": "2026-05-12T21:47:45.904Z", "lue": true}}, {"model": "accounts.notification", "pk": 73, "fields": {"utilisateur": 19, "type": "RESERVATION", "titre": "Location #12 démarrée", "message": "Votre location pour Dacia Duster (DK-4001) a commencé. Bonne route!", "date_envoi": "2026-05-12T21:51:30.711Z", "lue": true}}, {"model": "accounts.notification", "pk": 74, "fields": {"utilisateur": 1, "type": "RESERVATION", "titre": "Nouvelle réservation #13", "message": "Une nouvelle réservation a été créée par  pour le véhicule Renault Clio (DK-1234).", "date_envoi": "2026-05-12T23:13:22.086Z", "lue": false}}, {"model": "accounts.notification", "pk": 75, "fields": {"utilisateur": 3, "type": "RESERVATION", "titre": "Nouvelle réservation #13", "message": "Une nouvelle réservation a été créée par  pour le véhicule Renault Clio (DK-1234).", "date_envoi": "2026-05-12T23:13:22.093Z", "lue": false}}, {"model": "accounts.notification", "pk": 76, "fields": {"utilisateur": 18, "type": "RESERVATION", "titre": "Nouvelle réservation #13", "message": "Une nouvelle réservation a été créée par  pour le véhicule Renault Clio (DK-1234).", "date_envoi": "2026-05-12T23:13:22.095Z", "lue": true}}, {"model": "accounts.notification", "pk": 77, "fields": {"utilisateur": 1, "type": "RESERVATION", "titre": "Nouvelle Réservation Confirmée", "message": "Réservation #13 - admin1 (Client) a réservé Renault Clio. Montant: 600.00 MAD.", "date_envoi": "2026-05-12T23:13:22.167Z", "lue": false}}, {"model": "accounts.notification", "pk": 78, "fields": {"utilisateur": 3, "type": "RESERVATION", "titre": "Nouvelle Réservation Confirmée", "message": "Réservation #13 - admin1 (Client) a réservé Renault Clio. Montant: 600.00 MAD.", "date_envoi": "2026-05-12T23:13:22.182Z", "lue": false}}, {"model": "accounts.notification", "pk": 79, "fields": {"utilisateur": 18, "type": "RESERVATION", "titre": "Nouvelle Réservation Confirmée", "message": "Réservation #13 - admin1 (Client) a réservé Renault Clio. Montant: 600.00 MAD.", "date_envoi": "2026-05-12T23:13:22.195Z", "lue": true}}, {"model": "accounts.notification", "pk": 80, "fields": {"utilisateur": 15, "type": "RESERVATION", "titre": "Location #5 démarrée", "message": "Votre location pour MERCEDES C63s (7777 |1 | و) a commencé. Bonne route!", "date_envoi": "2026-05-13T00:11:35.696Z", "lue": false}}, {"model": "accounts.notification", "pk": 81, "fields": {"utilisateur": 1, "type": "RESERVATION", "titre": "Nouvelle réservation #14", "message": "Une nouvelle réservation a été créée par client1234 client1234 pour le véhicule Mercedes Classe E (DK-3002).", "date_envoi": "2026-05-13T00:59:53.143Z", "lue": false}}, {"model": "accounts.notification", "pk": 82, "fields": {"utilisateur": 3, "type": "RESERVATION", "titre": "Nouvelle réservation #14", "message": "Une nouvelle réservation a été créée par client1234 client1234 pour le véhicule Mercedes Classe E (DK-3002).", "date_envoi": "2026-05-13T00:59:53.144Z", "lue": false}}, {"model": "accounts.notification", "pk": 83, "fields": {"utilisateur": 18, "type": "RESERVATION", "titre": "Nouvelle réservation #14", "message": "Une nouvelle réservation a été créée par client1234 client1234 pour le véhicule Mercedes Classe E (DK-3002).", "date_envoi": "2026-05-13T00:59:53.144Z", "lue": true}}, {"model": "accounts.notification", "pk": 84, "fields": {"utilisateur": 1, "type": "RESERVATION", "titre": "Nouvelle Réservation Confirmée", "message": "Réservation #14 - fati123 (Client) a réservé Mercedes Classe E. Montant: 1080.00 MAD.", "date_envoi": "2026-05-13T00:59:53.174Z", "lue": false}}, {"model": "accounts.notification", "pk": 85, "fields": {"utilisateur": 3, "type": "RESERVATION", "titre": "Nouvelle Réservation Confirmée", "message": "Réservation #14 - fati123 (Client) a réservé Mercedes Classe E. Montant: 1080.00 MAD.", "date_envoi": "2026-05-13T00:59:53.185Z", "lue": false}}, {"model": "accounts.notification", "pk": 86, "fields": {"utilisateur": 18, "type": "RESERVATION", "titre": "Nouvelle Réservation Confirmée", "message": "Réservation #14 - fati123 (Client) a réservé Mercedes Classe E. Montant: 1080.00 MAD.", "date_envoi": "2026-05-13T00:59:53.190Z", "lue": true}}, {"model": "accounts.notification", "pk": 87, "fields": {"utilisateur": 1, "type": "PROLONGATION", "titre": "Nouvelle demande de prolongation", "message": "Demande de prolongation pour la réservation #12.", "date_envoi": "2026-05-13T01:10:40.296Z", "lue": false}}, {"model": "accounts.notification", "pk": 88, "fields": {"utilisateur": 3, "type": "PROLONGATION", "titre": "Nouvelle demande de prolongation", "message": "Demande de prolongation pour la réservation #12.", "date_envoi": "2026-05-13T01:10:40.303Z", "lue": false}}, {"model": "accounts.notification", "pk": 89, "fields": {"utilisateur": 18, "type": "PROLONGATION", "titre": "Nouvelle demande de prolongation", "message": "Demande de prolongation pour la réservation #12.", "date_envoi": "2026-05-13T01:10:40.310Z", "lue": false}}, {"model": "accounts.notification", "pk": 90, "fields": {"utilisateur": 1, "type": "PROLONGATION", "titre": "Nouvelle demande de prolongation", "message": "Demande de prolongation pour la réservation #12.", "date_envoi": "2026-05-13T01:12:31.281Z", "lue": false}}, {"model": "accounts.notification", "pk": 91, "fields": {"utilisateur": 3, "type": "PROLONGATION", "titre": "Nouvelle demande de prolongation", "message": "Demande de prolongation pour la réservation #12.", "date_envoi": "2026-05-13T01:12:31.287Z", "lue": false}}, {"model": "accounts.notification", "pk": 92, "fields": {"utilisateur": 18, "type": "PROLONGATION", "titre": "Nouvelle demande de prolongation", "message": "Demande de prolongation pour la réservation #12.", "date_envoi": "2026-05-13T01:12:31.293Z", "lue": false}}, {"model": "accounts.notification", "pk": 93, "fields": {"utilisateur": 19, "type": "GENERAL", "titre": "Prolongement confirmé", "message": "Votre réservation #12 est prolongée jusqu'au 2026-05-21. Supplément payé: 2100.00 MAD.", "date_envoi": "2026-05-13T01:25:49.242Z", "lue": true}}, {"model": "accounts.notification", "pk": 94, "fields": {"utilisateur": 1, "type": "GENERAL", "titre": "Prolongement payé", "message": "Réservation #12 prolongée jusqu'au 2026-05-21. Supplément: 2100.00 MAD.", "date_envoi": "2026-05-13T01:25:49.243Z", "lue": false}}, {"model": "accounts.notification", "pk": 95, "fields": {"utilisateur": 3, "type": "GENERAL", "titre": "Prolongement payé", "message": "Réservation #12 prolongée jusqu'au 2026-05-21. Supplément: 2100.00 MAD.", "date_envoi": "2026-05-13T01:25:49.244Z", "lue": false}}, {"model": "accounts.notification", "pk": 96, "fields": {"utilisateur": 18, "type": "GENERAL", "titre": "Prolongement payé", "message": "Réservation #12 prolongée jusqu'au 2026-05-21. Supplément: 2100.00 MAD.", "date_envoi": "2026-05-13T01:25:49.244Z", "lue": false}}, {"model": "vehicles.categorie", "pk": 1, "fields": {"type": "Économique", "description": "Véhicules compacts et économiques pour la ville", "icon": "🚕"}}, {"model": "vehicles.categorie", "pk": 2, "fields": {"type": "SUV", "description": "Vaste choix de SUV pour tous les terrains", "icon": "🚙"}}, {"model": "vehicles.categorie", "pk": 3, "fields": {"type": "Luxe", "description": "Véhicules haut de gamme pour une expérience premium", "icon": "🏎️"}}, {"model": "vehicles.categorie", "pk": 4, "fields": {"type": "Familial", "description": "Berlines spacieuses pour les familles", "icon": "🚐"}}, {"model": "vehicles.categorie", "pk": 5, "fields": {"type": "Utilitaire", "description": "Véhicules utilitaires pour vos besoins professionnels", "icon": "🚚"}}, {"model": "vehicles.vehicule", "pk": 1, "fields": {"marque": "Renault", "modele": "Clio", "annee": 2023, "immatriculation": "DK-1234", "carburant": "ESSENCE", "transmission": "MANUELLE", "places": 5, "couleur": "Blanc", "prix_journalier": "250.00", "caution": "2000.00", "kilometrage": 0, "statut": "INDISPONIBLE", "categorie": 1, "description": "", "photo": "vehicules/ChatGPT_Image_12_mai_2026_17_26_17.png", "date_ajout": "2026-04-19T23:17:16.692Z"}}, {"model": "vehicles.vehicule", "pk": 2, "fields": {"marque": "Peugeot", "modele": "208", "annee": 2023, "immatriculation": "DK-1235", "carburant": "ESSENCE", "transmission": "AUTOMATIQUE", "places": 5, "couleur": "Gris", "prix_journalier": "280.00", "caution": "2000.00", "kilometrage": 0, "statut": "INDISPONIBLE", "categorie": 1, "description": "", "photo": "vehicules/ChatGPT_Image_12_mai_2026_17_38_06.png", "date_ajout": "2026-04-19T23:17:16.697Z"}}, {"model": "vehicles.vehicule", "pk": 3, "fields": {"marque": "Toyota", "modele": "RAV4", "annee": 2022, "immatriculation": "DK-2001", "carburant": "HYBRIDE", "transmission": "AUTOMATIQUE", "places": 5, "couleur": "Noir", "prix_journalier": "550.00", "caution": "5000.00", "kilometrage": 0, "statut": "DISPONIBLE", "categorie": 2, "description": "", "photo": "vehicules/ChatGPT_Image_12_mai_2026_17_22_25.png", "date_ajout": "2026-04-19T23:17:16.701Z"}}, {"model": "vehicles.vehicule", "pk": 4, "fields": {"marque": "BMW", "modele": "Serie 5", "annee": 2023, "immatriculation": "DK-3001", "carburant": "ESSENCE", "transmission": "AUTOMATIQUE", "places": 5, "couleur": "Noir", "prix_journalier": "800.00", "caution": "10000.00", "kilometrage": 0, "statut": "DISPONIBLE", "categorie": 3, "description": "", "photo": "vehicules/ChatGPT_Image_12_mai_2026_17_05_50.png", "date_ajout": "2026-04-19T23:17:16.707Z"}}, {"model": "vehicles.vehicule", "pk": 5, "fields": {"marque": "Mercedes", "modele": "Classe E", "annee": 2023, "immatriculation": "DK-3002", "carburant": "DIESEL", "transmission": "AUTOMATIQUE", "places": 5, "couleur": "Blanc", "prix_journalier": "900.00", "caution": "10000.00", "kilometrage": 0, "statut": "INDISPONIBLE", "categorie": 3, "description": "", "photo": "vehicules/ChatGPT_Image_12_mai_2026_17_04_10.png", "date_ajout": "2026-04-19T23:17:16.711Z"}}, {"model": "vehicles.vehicule", "pk": 6, "fields": {"marque": "Dacia", "modele": "Duster", "annee": 2022, "immatriculation": "DK-4001", "carburant": "DIESEL", "transmission": "MANUELLE", "places": 5, "couleur": "Orange", "prix_journalier": "350.00", "caution": "3000.00", "kilometrage": 0, "statut": "INDISPONIBLE", "categorie": 2, "description": "", "photo": "vehicules/ChatGPT_Image_12_mai_2026_17_01_41.png", "date_ajout": "2026-04-19T23:17:16.715Z"}}, {"model": "vehicles.vehicule", "pk": 7, "fields": {"marque": "Citroen", "modele": "C3", "annee": 2024, "immatriculation": "CI-001", "carburant": "ESSENCE", "transmission": "MANUELLE", "places": 5, "couleur": "Blanc", "prix_journalier": "350.00", "caution": "5000.00", "kilometrage": 5000, "statut": "DISPONIBLE", "categorie": 1, "description": "", "photo": "vehicules/Citroen_C3_0MP00NWP_BlancBanquise_FR_1280_720.avif", "date_ajout": "2026-04-21T12:52:23.820Z"}}, {"model": "vehicles.vehicule", "pk": 8, "fields": {"marque": "VOLVO", "modele": "Vehicle", "annee": 2024, "immatriculation": "TEST-8", "carburant": "ESSENCE", "transmission": "MANUELLE", "places": 5, "couleur": "noir", "prix_journalier": "500.00", "caution": "5000.00", "kilometrage": 0, "statut": "INDISPONIBLE", "categorie": 4, "description": "", "photo": "vehicules/ChatGPT_Image_12_mai_2026_17_28_30.png", "date_ajout": "2026-04-24T14:14:45.368Z"}}, {"model": "vehicles.vehicule", "pk": 9, "fields": {"marque": "MERCEDES", "modele": "C63s", "annee": 2015, "immatriculation": "7777 |1 | و", "carburant": "DIESEL", "transmission": "AUTOMATIQUE", "places": 4, "couleur": "noir", "prix_journalier": "1250.00", "caution": "20000.00", "kilometrage": 29999, "statut": "INDISPONIBLE", "categorie": 3, "description": "", "photo": "vehicules/9B72D322-A9DC-4E66-AC61-7B7E02FD2B49.webp", "date_ajout": "2026-04-24T14:16:56.517Z"}}, {"model": "vehicles.maintenance", "pk": 1, "fields": {"vehicule": 9, "type": "VIDANGE", "date_prevue": "2026-05-10", "date_realisee": null, "kilometrage": null, "cout": null, "statut": "MAINTENANCE_REQUISE", "description": "Test maintenance", "technicien": 13}}, {"model": "vehicles.document", "pk": 1, "fields": {"vehicule": 9, "type": "REGISTRATION", "numero": "REG-9-2026", "date_emission": null, "date_expiration": "2027-06-15", "document": "", "alert_envoyee": false}}, {"model": "vehicles.document", "pk": 2, "fields": {"vehicule": 9, "type": "INSURANCE", "numero": "INS-9-2026", "date_emission": null, "date_expiration": "2026-05-19", "document": "", "alert_envoyee": false}}, {"model": "vehicles.document", "pk": 3, "fields": {"vehicule": 8, "type": "REGISTRATION", "numero": "REG-8-2026", "date_emission": null, "date_expiration": "2027-06-15", "document": "", "alert_envoyee": false}}, {"model": "vehicles.document", "pk": 4, "fields": {"vehicule": 8, "type": "INSPECTION", "numero": "INSPC-8-2024", "date_emission": null, "date_expiration": "2024-01-01", "document": "", "alert_envoyee": false}}, {"model": "vehicles.document", "pk": 5, "fields": {"vehicule": 7, "type": "REGISTRATION", "numero": "REG-7-2026", "date_emission": null, "date_expiration": "2027-06-15", "document": "", "alert_envoyee": false}}, {"model": "reservations.slot", "pk": 1, "fields": {"localisation": "Casablanca Centre", "type": "STANDARD", "disponible": true}}, {"model": "reservations.slot", "pk": 2, "fields": {"localisation": "Casablanca Aéroport", "type": "COUVERT", "disponible": true}}, {"model": "reservations.slot", "pk": 3, "fields": {"localisation": "Marrakech", "type": "STANDARD", "disponible": true}}, {"model": "reservations.slot", "pk": 4, "fields": {"localisation": "Rabat", "type": "COUVERT", "disponible": true}}, {"model": "reservations.reservation", "pk": 1, "fields": {"client": 8, "vehicule": 9, "slot": null, "date_reservation": "2026-05-03T13:49:05.883Z", "date_debut": "2026-05-03", "date_fin": "2026-05-08", "lieu_depart": "casablanca", "lieu_retour": "SETTAT", "latitude_depart": "33.372742", "longitude_depart": "-7.672851", "latitude_retour": "32.912796", "longitude_retour": "-7.628907", "statut_reservation": "CONFIRMEE", "montant_total": "6250.00", "caution_versee": false, "nombre_jours": 5, "reference": 1}}, {"model": "reservations.reservation", "pk": 2, "fields": {"client": 10, "vehicule": 9, "slot": null, "date_reservation": "2026-05-08T15:47:10.971Z", "date_debut": "2026-05-13", "date_fin": "2026-05-21", "lieu_depart": "casablanca maarif", "lieu_retour": "marrakech gueliz", "latitude_depart": "33.583255", "longitude_depart": "-7.639184", "latitude_retour": null, "longitude_retour": null, "statut_reservation": "CONFIRMEE", "montant_total": "10000.00", "caution_versee": false, "nombre_jours": 8, "reference": 1}}, {"model": "reservations.reservation", "pk": 3, "fields": {"client": 10, "vehicule": 9, "slot": null, "date_reservation": "2026-05-08T15:49:21.473Z", "date_debut": "2026-05-13", "date_fin": "2026-05-21", "lieu_depart": "casablanca maarif", "lieu_retour": "marrakech gueliz", "latitude_depart": "33.583255", "longitude_depart": "-7.639184", "latitude_retour": null, "longitude_retour": null, "statut_reservation": "CONFIRMEE", "montant_total": "10000.00", "caution_versee": false, "nombre_jours": 8, "reference": 2}}, {"model": "reservations.reservation", "pk": 4, "fields": {"client": 12, "vehicule": 9, "slot": null, "date_reservation": "2026-05-09T14:15:42.411Z", "date_debut": "2026-05-09", "date_fin": "2026-05-15", "lieu_depart": "casablanca maarif", "lieu_retour": "marrakech gueliz", "latitude_depart": "33.583255", "longitude_depart": "-7.639184", "latitude_retour": "31.645252", "longitude_retour": "-7.999929", "statut_reservation": "CONFIRMEE", "montant_total": "7500.00", "caution_versee": false, "nombre_jours": 6, "reference": 1}}, {"model": "reservations.reservation", "pk": 5, "fields": {"client": 15, "vehicule": 9, "slot": null, "date_reservation": "2026-05-10T15:23:11.082Z", "date_debut": "2026-05-21", "date_fin": "2026-05-22", "lieu_depart": "À définir", "lieu_retour": "À définir", "latitude_depart": "32.772842", "longitude_depart": "-7.712402", "latitude_retour": "31.563910", "longitude_retour": "-7.470703", "statut_reservation": "EN_COURS", "montant_total": "1250.00", "caution_versee": false, "nombre_jours": 1, "reference": 1}}, {"model": "reservations.reservation", "pk": 6, "fields": {"client": 17, "vehicule": 9, "slot": null, "date_reservation": "2026-05-12T00:50:15.792Z", "date_debut": "2026-05-14", "date_fin": "2026-05-16", "lieu_depart": "À définir", "lieu_retour": "À définir", "latitude_depart": "32.642844", "longitude_depart": "-8.126214", "latitude_retour": "30.387092", "longitude_retour": "-7.225567", "statut_reservation": "CONFIRMEE", "montant_total": "2500.00", "caution_versee": false, "nombre_jours": 2, "reference": 1}}, {"model": "reservations.reservation", "pk": 7, "fields": {"client": 17, "vehicule": 7, "slot": null, "date_reservation": "2026-05-12T13:32:26.489Z", "date_debut": "2026-05-17", "date_fin": "2026-05-20", "lieu_depart": "À définir", "lieu_retour": "Beni mellal", "latitude_depart": "31.712981", "longitude_depart": "-9.182755", "latitude_retour": "32.334193", "longitude_retour": "-6.353335", "statut_reservation": "CONFIRMEE", "montant_total": "1260.00", "caution_versee": false, "nombre_jours": 3, "reference": 2}}, {"model": "reservations.reservation", "pk": 8, "fields": {"client": 17, "vehicule": 7, "slot": null, "date_reservation": "2026-05-12T13:35:05.834Z", "date_debut": "2026-05-17", "date_fin": "2026-05-20", "lieu_depart": "À définir", "lieu_retour": "À définir", "latitude_depart": "33.544828", "longitude_depart": "-6.893583", "latitude_retour": "31.980123", "longitude_retour": "-5.313598", "statut_reservation": "CONFIRMEE", "montant_total": "1260.00", "caution_versee": false, "nombre_jours": 3, "reference": 3}}, {"model": "reservations.reservation", "pk": 9, "fields": {"client": 17, "vehicule": 2, "slot": null, "date_reservation": "2026-05-12T14:11:14.967Z", "date_debut": "2026-05-12", "date_fin": "2026-05-13", "lieu_depart": "À définir", "lieu_retour": "À définir", "latitude_depart": "32.913796", "longitude_depart": "-8.192248", "latitude_retour": "31.685329", "longitude_retour": "-5.376234", "statut_reservation": "CONFIRMEE", "montant_total": "336.00", "caution_versee": false, "nombre_jours": 1, "reference": 4}}, {"model": "reservations.reservation", "pk": 10, "fields": {"client": 17, "vehicule": 9, "slot": null, "date_reservation": "2026-05-12T14:26:44.017Z", "date_debut": "2026-05-30", "date_fin": "2026-05-31", "lieu_depart": "Bouabout, caïdat d' M’touga, cercle d'M’touga, Province de Chichaoua, Marrakech-Safi, Maroc", "lieu_retour": "RP4006, Shoul, Caïdat d'Arbaa Shoul, Cercle de Salé-Banlieue, Préfecture de Salé, Rabat-Salé-Kénitra, 11100, Maroc", "latitude_depart": "31.244508", "longitude_depart": "-9.182755", "latitude_retour": "34.010930", "longitude_retour": "-6.687565", "statut_reservation": "CONFIRMEE", "montant_total": "1500.00", "caution_versee": false, "nombre_jours": 1, "reference": 5}}, {"model": "reservations.reservation", "pk": 11, "fields": {"client": 17, "vehicule": 8, "slot": null, "date_reservation": "2026-05-12T21:21:17.972Z", "date_debut": "2026-05-22", "date_fin": "2026-05-29", "lieu_depart": "Labkhati, caïdat de Had Labkhati, cercle de Abda, Province de Safi, Marrakech-Safi, Maroc", "lieu_retour": "Jdiriya, Caïdat de Jdiriya, Cercle d'Es-Semara, Province d'Es-Semara, Maroc", "latitude_depart": "32.494705", "longitude_depart": "-8.720519", "latitude_retour": "27.073800", "longitude_retour": "-10.217401", "statut_reservation": "EN_COURS", "montant_total": "3600.00", "caution_versee": false, "nombre_jours": 7, "reference": 6}}, {"model": "reservations.reservation", "pk": 12, "fields": {"client": 19, "vehicule": 6, "slot": null, "date_reservation": "2026-05-12T21:47:45.839Z", "date_debut": "2026-05-13", "date_fin": "2026-05-21", "lieu_depart": "Machraa Ben Abbou, caïdat de Oulad Bouziri, Cercle de Settat, Province de Settat, Casablanca-Settat, Maroc", "lieu_retour": "Gueltat Zemmour, Caïdat de Gueltat Zemmour, cercle de Jraifia, Province de Boujdour, Maroc", "latitude_depart": "32.738772", "longitude_depart": "-7.809908", "latitude_retour": "25.814727", "longitude_retour": "-12.432276", "statut_reservation": "EN_COURS", "montant_total": "2870.00", "caution_versee": false, "nombre_jours": 8, "reference": 1}}, {"model": "reservations.reservation", "pk": 13, "fields": {"client": 17, "vehicule": 1, "slot": null, "date_reservation": "2026-05-12T23:13:22.080Z", "date_debut": "2026-05-14", "date_fin": "2026-05-16", "lieu_depart": "Guedana, Gdana, caïdat de Oulad Said, Cercle de Settat, Province de Settat, Casablanca-Settat, Maroc", "lieu_retour": "Ait Mimoune, caïdat de Ait Mimoune, Cercle de Khémisset, Province de Khémisset, Rabat-Salé-Kénitra, Maroc", "latitude_depart": "32.950679", "longitude_depart": "-7.906102", "latitude_retour": "33.755554", "longitude_retour": "-5.809740", "statut_reservation": "CONFIRMEE", "montant_total": "600.00", "caution_versee": false, "nombre_jours": 1, "reference": 7}}, {"model": "reservations.reservation", "pk": 14, "fields": {"client": 20, "vehicule": 5, "slot": null, "date_reservation": "2026-05-13T00:59:53.137Z", "date_debut": "2026-05-16", "date_fin": "2026-05-17", "lieu_depart": "Saniat Berguig, caïdat de Oulad Ameur Laghnadra, cercle de Zemamra, Province de Sidi Bennour, Casablanca-Settat, Maroc", "lieu_retour": "Si Hsaien Ben Abderrahmane, caïdat de Oulad Hamdane, Cercle de Sidi Smail, Province d'El Jadida, Casablanca-Settat, Maroc", "latitude_depart": "32.663528", "longitude_depart": "-8.557129", "latitude_retour": "33.124773", "longitude_retour": "-8.183594", "statut_reservation": "CONFIRMEE", "montant_total": "1080.00", "caution_versee": false, "nombre_jours": 1, "reference": 1}}, {"model": "reservations.demandeprolongation", "pk": 1, "fields": {"reservation": 12, "nouvelle_date_fin": "2026-05-17", "statut": "EN_ATTENTE", "motif_refus": null, "created_at": "2026-05-13T01:10:40.285Z"}}, {"model": "reservations.demandeprolongation", "pk": 2, "fields": {"reservation": 12, "nouvelle_date_fin": "2026-05-17", "statut": "EN_ATTENTE", "motif_refus": null, "created_at": "2026-05-13T01:12:31.263Z"}}, {"model": "reservations.contrat", "pk": 1, "fields": {"reservation": 1, "date_generation": "2026-05-03T13:49:05.905Z", "fichier_pdf": "", "statut_signature": "SIGNE", "signature_client": ""}}, {"model": "reservations.contrat", "pk": 2, "fields": {"reservation": 2, "date_generation": "2026-05-08T15:47:10.994Z", "fichier_pdf": "", "statut_signature": "SIGNE", "signature_client": ""}}, {"model": "reservations.contrat", "pk": 3, "fields": {"reservation": 3, "date_generation": "2026-05-08T15:49:21.496Z", "fichier_pdf": "", "statut_signature": "SIGNE", "signature_client": ""}}, {"model": "reservations.contrat", "pk": 4, "fields": {"reservation": 4, "date_generation": "2026-05-09T14:15:42.439Z", "fichier_pdf": "", "statut_signature": "SIGNE", "signature_client": ""}}, {"model": "reservations.contrat", "pk": 5, "fields": {"reservation": 5, "date_generation": "2026-05-10T15:23:11.108Z", "fichier_pdf": "", "statut_signature": "SIGNE", "signature_client": ""}}, {"model": "reservations.contrat", "pk": 6, "fields": {"reservation": 6, "date_generation": "2026-05-12T00:50:15.852Z", "fichier_pdf": "", "statut_signature": "SIGNE", "signature_client": ""}}, {"model": "reservations.contrat", "pk": 7, "fields": {"reservation": 7, "date_generation": "2026-05-12T13:32:26.538Z", "fichier_pdf": "", "statut_signature": "SIGNE", "signature_client": ""}}, {"model": "reservations.contrat", "pk": 8, "fields": {"reservation": 8, "date_generation": "2026-05-12T13:35:05.876Z", "fichier_pdf": "", "statut_signature": "SIGNE", "signature_client": ""}}, {"model": "reservations.contrat", "pk": 9, "fields": {"reservation": 9, "date_generation": "2026-05-12T14:11:14.997Z", "fichier_pdf": "", "statut_signature": "SIGNE", "signature_client": ""}}, {"model": "reservations.contrat", "pk": 10, "fields": {"reservation": 10, "date_generation": "2026-05-12T14:26:44.044Z", "fichier_pdf": "", "statut_signature": "SIGNE", "signature_client": ""}}, {"model": "reservations.contrat", "pk": 11, "fields": {"reservation": 11, "date_generation": "2026-05-12T21:21:18.004Z", "fichier_pdf": "", "statut_signature": "SIGNE", "signature_client": ""}}, {"model": "reservations.contrat", "pk": 12, "fields": {"reservation": 12, "date_generation": "2026-05-12T21:47:45.862Z", "fichier_pdf": "", "statut_signature": "SIGNE", "signature_client": ""}}, {"model": "reservations.contrat", "pk": 13, "fields": {"reservation": 13, "date_generation": "2026-05-12T23:13:22.124Z", "fichier_pdf": "", "statut_signature": "SIGNE", "signature_client": ""}}, {"model": "reservations.contrat", "pk": 14, "fields": {"reservation": 14, "date_generation": "2026-05-13T00:59:53.158Z", "fichier_pdf": "", "statut_signature": "SIGNE", "signature_client": ""}}, {"model": "reservations.livraison", "pk": 1, "fields": {"reservation": 1, "livreur": 4, "type": "LIVRAISON", "date_livraison": "2026-05-03", "heure_livraison": "09:00:00", "lieu_livraison": "casablanca", "latitude": "33.372742", "longitude": "-7.672851", "statut": "EN_ATTENTE", "motif_echec": "", "kilometrage_depart": null, "kilometrage_retour": null}}, {"model": "reservations.livraison", "pk": 2, "fields": {"reservation": 3, "livreur": 4, "type": "LIVRAISON", "date_livraison": "2026-05-13", "heure_livraison": "09:00:00", "lieu_livraison": "casablanca maarif", "latitude": "33.583255", "longitude": "-7.639184", "statut": "EN_COURS", "motif_echec": "", "kilometrage_depart": null, "kilometrage_retour": null}}, {"model": "reservations.livraison", "pk": 3, "fields": {"reservation": 4, "livreur": 4, "type": "LIVRAISON", "date_livraison": "2026-05-09", "heure_livraison": "09:00:00", "lieu_livraison": "casablanca maarif", "latitude": "33.583255", "longitude": "-7.639184", "statut": "EN_ATTENTE", "motif_echec": "", "kilometrage_depart": null, "kilometrage_retour": null}}, {"model": "reservations.livraison", "pk": 4, "fields": {"reservation": 5, "livreur": 4, "type": "LIVRAISON", "date_livraison": "2026-05-21", "heure_livraison": "09:00:00", "lieu_livraison": "À définir", "latitude": "32.772842", "longitude": "-7.712402", "statut": "TERMINEE", "motif_echec": "", "kilometrage_depart": null, "kilometrage_retour": null}}, {"model": "reservations.livraison", "pk": 5, "fields": {"reservation": 6, "livreur": 4, "type": "LIVRAISON", "date_livraison": "2026-05-14", "heure_livraison": "09:00:00", "lieu_livraison": "À définir", "latitude": "32.642844", "longitude": "-8.126214", "statut": "EN_COURS", "motif_echec": "", "kilometrage_depart": null, "kilometrage_retour": null}}, {"model": "reservations.livraison", "pk": 6, "fields": {"reservation": 7, "livreur": 4, "type": "LIVRAISON", "date_livraison": "2026-05-17", "heure_livraison": "09:00:00", "lieu_livraison": "À définir", "latitude": "31.712981", "longitude": "-9.182755", "statut": "TERMINEE", "motif_echec": "", "kilometrage_depart": null, "kilometrage_retour": null}}, {"model": "reservations.livraison", "pk": 7, "fields": {"reservation": 8, "livreur": 4, "type": "LIVRAISON", "date_livraison": "2026-05-17", "heure_livraison": "09:00:00", "lieu_livraison": "À définir", "latitude": "33.544828", "longitude": "-6.893583", "statut": "EN_COURS", "motif_echec": "", "kilometrage_depart": null, "kilometrage_retour": null}}, {"model": "reservations.livraison", "pk": 8, "fields": {"reservation": 9, "livreur": 4, "type": "LIVRAISON", "date_livraison": "2026-05-12", "heure_livraison": "09:00:00", "lieu_livraison": "À définir", "latitude": "32.913796", "longitude": "-8.192248", "statut": "EN_ATTENTE", "motif_echec": "", "kilometrage_depart": null, "kilometrage_retour": null}}, {"model": "reservations.livraison", "pk": 9, "fields": {"reservation": 10, "livreur": 4, "type": "LIVRAISON", "date_livraison": "2026-05-30", "heure_livraison": "09:00:00", "lieu_livraison": "Bouabout, caïdat d' M’touga, cercle d'M’touga, Province de Chichaoua, Marrakech-Safi, Maroc", "latitude": "31.244508", "longitude": "-9.182755", "statut": "TERMINEE", "motif_echec": "", "kilometrage_depart": null, "kilometrage_retour": null}}, {"model": "reservations.livraison", "pk": 10, "fields": {"reservation": 11, "livreur": 4, "type": "LIVRAISON", "date_livraison": "2026-05-22", "heure_livraison": "09:00:00", "lieu_livraison": "Labkhati, caïdat de Had Labkhati, cercle de Abda, Province de Safi, Marrakech-Safi, Maroc", "latitude": "32.494705", "longitude": "-8.720519", "statut": "EN_COURS", "motif_echec": "", "kilometrage_depart": null, "kilometrage_retour": null}}, {"model": "reservations.livraison", "pk": 11, "fields": {"reservation": 12, "livreur": 4, "type": "LIVRAISON", "date_livraison": "2026-05-13", "heure_livraison": "09:00:00", "lieu_livraison": "Machraa Ben Abbou, caïdat de Oulad Bouziri, Cercle de Settat, Province de Settat, Casablanca-Settat, Maroc", "latitude": "32.738772", "longitude": "-7.809908", "statut": "TERMINEE", "motif_echec": "", "kilometrage_depart": null, "kilometrage_retour": null}}, {"model": "reservations.livraison", "pk": 12, "fields": {"reservation": 13, "livreur": 4, "type": "LIVRAISON", "date_livraison": "2026-05-14", "heure_livraison": "09:00:00", "lieu_livraison": "Guedana, Gdana, caïdat de Oulad Said, Cercle de Settat, Province de Settat, Casablanca-Settat, Maroc", "latitude": null, "longitude": null, "statut": "EN_ATTENTE", "motif_echec": "", "kilometrage_depart": null, "kilometrage_retour": null}}, {"model": "reservations.livraison", "pk": 13, "fields": {"reservation": 14, "livreur": 4, "type": "LIVRAISON", "date_livraison": "2026-05-16", "heure_livraison": "09:00:00", "lieu_livraison": "Saniat Berguig, caïdat de Oulad Ameur Laghnadra, cercle de Zemamra, Province de Sidi Bennour, Casablanca-Settat, Maroc", "latitude": null, "longitude": null, "statut": "EN_COURS", "motif_echec": "", "kilometrage_depart": null, "kilometrage_retour": null}}, {"model": "reservations.paiement", "pk": 1, "fields": {"reservation": 1, "type": "ACOMPTE", "amount": "6250.00", "mode": "CARTE_BANCAIRE", "statut": "COMPLETE", "transaction_id": "", "date_paiement": "2026-05-03T13:49:05.901Z"}}, {"model": "reservations.paiement", "pk": 2, "fields": {"reservation": 2, "type": "ACOMPTE", "amount": "10000.00", "mode": "CARTE_BANCAIRE", "statut": "COMPLETE", "transaction_id": "", "date_paiement": "2026-05-08T15:47:10.990Z"}}, {"model": "reservations.paiement", "pk": 3, "fields": {"reservation": 3, "type": "ACOMPTE", "amount": "10000.00", "mode": "CARTE_BANCAIRE", "statut": "COMPLETE", "transaction_id": "", "date_paiement": "2026-05-08T15:49:21.492Z"}}, {"model": "reservations.paiement", "pk": 4, "fields": {"reservation": 4, "type": "ACOMPTE", "amount": "7500.00", "mode": "CARTE_BANCAIRE", "statut": "COMPLETE", "transaction_id": "", "date_paiement": "2026-05-09T14:15:42.435Z"}}, {"model": "reservations.paiement", "pk": 5, "fields": {"reservation": 5, "type": "ACOMPTE", "amount": "1250.00", "mode": "CARTE_BANCAIRE", "statut": "COMPLETE", "transaction_id": "", "date_paiement": "2026-05-10T15:23:11.104Z"}}, {"model": "reservations.paiement", "pk": 6, "fields": {"reservation": 6, "type": "ACOMPTE", "amount": "2500.00", "mode": "CARTE_BANCAIRE", "statut": "COMPLETE", "transaction_id": "", "date_paiement": "2026-05-12T00:50:15.843Z"}}, {"model": "reservations.paiement", "pk": 7, "fields": {"reservation": 7, "type": "ACOMPTE", "amount": "1260.00", "mode": "CARTE_BANCAIRE", "statut": "COMPLETE", "transaction_id": "", "date_paiement": "2026-05-12T13:32:26.533Z"}}, {"model": "reservations.paiement", "pk": 8, "fields": {"reservation": 8, "type": "ACOMPTE", "amount": "1260.00", "mode": "CARTE_BANCAIRE", "statut": "COMPLETE", "transaction_id": "", "date_paiement": "2026-05-12T13:35:05.871Z"}}, {"model": "reservations.paiement", "pk": 9, "fields": {"reservation": 9, "type": "ACOMPTE", "amount": "336.00", "mode": "CARTE_BANCAIRE", "statut": "COMPLETE", "transaction_id": "", "date_paiement": "2026-05-12T14:11:14.987Z"}}, {"model": "reservations.paiement", "pk": 10, "fields": {"reservation": 10, "type": "ACOMPTE", "amount": "1500.00", "mode": "CARTE_BANCAIRE", "statut": "COMPLETE", "transaction_id": "", "date_paiement": "2026-05-12T14:26:44.035Z"}}, {"model": "reservations.paiement", "pk": 11, "fields": {"reservation": 11, "type": "ACOMPTE", "amount": "600.00", "mode": "CARTE_BANCAIRE", "statut": "COMPLETE", "transaction_id": "", "date_paiement": "2026-05-12T21:21:17.995Z"}}, {"model": "reservations.paiement", "pk": 12, "fields": {"reservation": 11, "type": "TOTAL", "amount": "500.00", "mode": "CARTE_BANCAIRE", "statut": "COMPLETE", "transaction_id": "EXT-11-1778622118", "date_paiement": "2026-05-12T21:41:57.682Z"}}, {"model": "reservations.paiement", "pk": 13, "fields": {"reservation": 12, "type": "ACOMPTE", "amount": "420.00", "mode": "CARTE_BANCAIRE", "statut": "COMPLETE", "transaction_id": "", "date_paiement": "2026-05-12T21:47:45.854Z"}}, {"model": "reservations.paiement", "pk": 14, "fields": {"reservation": 12, "type": "TOTAL", "amount": "350.00", "mode": "CARTE_BANCAIRE", "statut": "COMPLETE", "transaction_id": "EXT-12-1778622779", "date_paiement": "2026-05-12T21:52:58.850Z"}}, {"model": "reservations.paiement", "pk": 15, "fields": {"reservation": 11, "type": "TOTAL", "amount": "2500.00", "mode": "CARTE_BANCAIRE", "statut": "COMPLETE", "transaction_id": "EXT-11-1778626786", "date_paiement": "2026-05-12T22:59:45.812Z"}}, {"model": "reservations.paiement", "pk": 16, "fields": {"reservation": 13, "type": "ACOMPTE", "amount": "600.00", "mode": "CARTE_BANCAIRE", "statut": "COMPLETE", "transaction_id": "", "date_paiement": "2026-05-12T23:13:22.110Z"}}, {"model": "reservations.paiement", "pk": 17, "fields": {"reservation": 14, "type": "ACOMPTE", "amount": "1080.00", "mode": "CARTE_BANCAIRE", "statut": "COMPLETE", "transaction_id": "", "date_paiement": "2026-05-13T00:59:53.153Z"}}, {"model": "reservations.paiement", "pk": 18, "fields": {"reservation": 12, "type": "TOTAL", "amount": "2100.00", "mode": "CARTE_BANCAIRE", "statut": "COMPLETE", "transaction_id": "EXT-12-1778635549", "date_paiement": "2026-05-13T01:25:49.232Z"}}, {"model": "reservations.facture", "pk": 1, "fields": {"reservation": 3, "paiement": 3, "type": "LOCATION", "description": "", "date_facture": "2026-05-08T15:49:21.501Z", "montant_ht": "10000.00", "tva": "20.00", "montant_ttc": "12000.00", "montant_tva": "2000.00", "fichier_pdf": ""}}, {"model": "reservations.facture", "pk": 2, "fields": {"reservation": 4, "paiement": 4, "type": "LOCATION", "description": "", "date_facture": "2026-05-09T14:15:42.443Z", "montant_ht": "7500.00", "tva": "20.00", "montant_ttc": "9000.00", "montant_tva": "1500.00", "fichier_pdf": ""}}, {"model": "reservations.facture", "pk": 3, "fields": {"reservation": 5, "paiement": 5, "type": "LOCATION", "description": "", "date_facture": "2026-05-10T15:23:11.115Z", "montant_ht": "1250.00", "tva": "20.00", "montant_ttc": "1500.00", "montant_tva": "250.00", "fichier_pdf": ""}}, {"model": "reservations.facture", "pk": 4, "fields": {"reservation": 6, "paiement": 6, "type": "LOCATION", "description": "", "date_facture": "2026-05-12T00:50:15.864Z", "montant_ht": "2500.00", "tva": "20.00", "montant_ttc": "3000.00", "montant_tva": "500.00", "fichier_pdf": ""}}, {"model": "reservations.facture", "pk": 5, "fields": {"reservation": 7, "paiement": 7, "type": "LOCATION", "description": "", "date_facture": "2026-05-12T13:32:26.548Z", "montant_ht": "1050.00", "tva": "20.00", "montant_ttc": "1260.00", "montant_tva": "210.00", "fichier_pdf": ""}}, {"model": "reservations.facture", "pk": 6, "fields": {"reservation": 8, "paiement": 8, "type": "LOCATION", "description": "", "date_facture": "2026-05-12T13:35:05.883Z", "montant_ht": "1050.00", "tva": "20.00", "montant_ttc": "1260.00", "montant_tva": "210.00", "fichier_pdf": ""}}, {"model": "reservations.facture", "pk": 7, "fields": {"reservation": 9, "paiement": 9, "type": "LOCATION", "description": "", "date_facture": "2026-05-12T14:11:15.005Z", "montant_ht": "280.00", "tva": "20.00", "montant_ttc": "336.00", "montant_tva": "56.00", "fichier_pdf": ""}}, {"model": "reservations.facture", "pk": 8, "fields": {"reservation": 10, "paiement": 10, "type": "LOCATION", "description": "", "date_facture": "2026-05-12T14:26:44.055Z", "montant_ht": "1250.00", "tva": "20.00", "montant_ttc": "1500.00", "montant_tva": "250.00", "fichier_pdf": ""}}, {"model": "reservations.facture", "pk": 9, "fields": {"reservation": 11, "paiement": 11, "type": "LOCATION", "description": "Facture de location - Réservation #11", "date_facture": "2026-05-12T21:21:18.014Z", "montant_ht": "500.00", "tva": "20.00", "montant_ttc": "600.00", "montant_tva": "100.00", "fichier_pdf": ""}}, {"model": "reservations.facture", "pk": 10, "fields": {"reservation": 11, "paiement": 12, "type": "PROLONGEMENT", "description": "Facture de prolongement - Réservation #11", "date_facture": "2026-05-12T21:41:57.686Z", "montant_ht": "416.67", "tva": "20.00", "montant_ttc": "500.00", "montant_tva": "83.33", "fichier_pdf": ""}}, {"model": "reservations.facture", "pk": 11, "fields": {"reservation": 12, "paiement": 13, "type": "LOCATION", "description": "Facture de location - Réservation #12", "date_facture": "2026-05-12T21:47:45.869Z", "montant_ht": "350.00", "tva": "20.00", "montant_ttc": "420.00", "montant_tva": "70.00", "fichier_pdf": ""}}, {"model": "reservations.facture", "pk": 12, "fields": {"reservation": 12, "paiement": 14, "type": "PROLONGEMENT", "description": "Facture de prolongement - Réservation #12", "date_facture": "2026-05-12T21:52:58.862Z", "montant_ht": "291.67", "tva": "20.00", "montant_ttc": "350.00", "montant_tva": "58.33", "fichier_pdf": ""}}, {"model": "reservations.facture", "pk": 13, "fields": {"reservation": 11, "paiement": 15, "type": "PROLONGEMENT", "description": "Facture de prolongement - Réservation #11", "date_facture": "2026-05-12T22:59:45.824Z", "montant_ht": "2083.33", "tva": "20.00", "montant_ttc": "2500.00", "montant_tva": "416.67", "fichier_pdf": ""}}, {"model": "reservations.facture", "pk": 14, "fields": {"reservation": 13, "paiement": 16, "type": "LOCATION", "description": "Facture de location - Réservation #13", "date_facture": "2026-05-12T23:13:22.147Z", "montant_ht": "500.00", "tva": "20.00", "montant_ttc": "600.00", "montant_tva": "100.00", "fichier_pdf": ""}}, {"model": "reservations.facture", "pk": 15, "fields": {"reservation": 14, "paiement": 17, "type": "LOCATION", "description": "Facture de location - Réservation #14", "date_facture": "2026-05-13T00:59:53.166Z", "montant_ht": "900.00", "tva": "20.00", "montant_ttc": "1080.00", "montant_tva": "180.00", "fichier_pdf": ""}}, {"model": "reservations.facture", "pk": 16, "fields": {"reservation": 12, "paiement": 18, "type": "PROLONGEMENT", "description": "Facture de prolongement - Réservation #12", "date_facture": "2026-05-13T01:25:49.242Z", "montant_ht": "1750.00", "tva": "20.00", "montant_ttc": "2100.00", "montant_tva": "350.00", "fichier_pdf": ""}}]